Coach Type,Coach No,Seat No,Coimbatore-in,Erode-out,Erode-in,Dindigul-out,Dindigul-in,Madurai-out,Madurai-in,Tirunelveli-out,Tirunelveli-in,Nagercoil-out
EC,Coach-1,1,0,0,1,1,0,0,0,0,0,0
EC,Coach-1,2,0,0,1,1,0,0,0,0,0,0
EC,Coach-1,3,0,0,1,1,0,0,0,0,0,0
EC,Coach-1,4,0,0,0,0,0,0,0,0,0,0
EC,Coach-1,5,0,0,0,0,0,0,0,0,0,0
EC,Coach-1,6,0,0,0,0,0,0,0,0,0,0
EC,Coach-1,7,0,0,0,0,0,0,0,0,0,0
EC,Coach-1,8,0,0,0,0,0,0,0,0,0,0
EC,Coach-1,9,0,0,0,0,0,0,0,0,0,0
EC,Coach-1,10,0,0,0,0,0,0,0,0,0,0
EC,Coach-1,11,0,0,0,0,0,0,0,0,0,0
EC,Coach-1,12,0,0,0,0,0,0,0,0,0,0
EC,Coach-1,13,0,0,0,0,0,0,0,0,0,0
EC,Coach-1,14,0,0,0,0,0,0,0,0,0,0
EC,Coach-1,15,0,0,0,0,0,0,0,0,0,0
EC,Coach-1,16,0,0,0,0,0,0,0,0,0,0
EC,Coach-1,17,0,0,0,0,0,0,0,0,0,0
EC,Coach-1,18,0,0,0,0,0,0,0,0,0,0
EC,Coach-1,19,0,0,0,0,0,0,0,0,0,0
EC,Coach-1,20,0,0,0,0,0,0,0,0,0,0
EC,Coach-1,21,0,0,0,0,0,0,0,0,0,0
EC,Coach-1,22,0,0,0,0,0,0,0,0,0,0
EC,Coach-1,23,0,0,0,0,0,0,0,0,0,0
EC,Coach-1,24,0,0,0,0,0,0,0,0,0,0
EC,Coach-1,25,0,0,0,0,0,0,0,0,0,0
EC,Coach-1,26,0,0,0,0,0,0,0,0,0,0
EC,Coach-1,27,0,0,0,0,0,0,0,0,0,0
EC,Coach-1,28,0,0,0,0,0,0,0,0,0,0
EC,Coach-1,29,0,0,0,0,0,0,0,0,0,0
EC,Coach-1,30,0,0,0,0,0,0,0,0,0,0
EC,Coach-1,31,0,0,0,0,0,0,0,0,0,0
EC,Coach-1,32,0,0,0,0,0,0,0,0,0,0
EC,Coach-1,33,0,0,0,0,0,0,0,0,0,0
EC,Coach-1,34,0,0,0,0,0,0,0,0,0,0
EC,Coach-1,35,0,0,0,0,0,0,0,0,0,0
EC,Coach-1,36,0,0,0,0,0,0,0,0,0,0
EC,Coach-1,37,0,0,0,0,0,0,0,0,0,0
EC,Coach-1,38,0,0,0,0,0,0,0,0,0,0
EC,Coach-1,39,0,0,0,0,0,0,0,0,0,0
EC,Coach-1,40,0,0,0,0,0,0,0,0,0,0
EC,Coach-1,41,0,0,0,0,0,0,0,0,0,0
EC,Coach-1,42,0,0,0,0,0,0,0,0,0,0
EC,Coach-1,43,0,0,0,0,0,0,0,0,0,0
EC,Coach-1,44,0,0,0,0,0,0,0,0,0,0
EC,Coach-1,45,0,0,0,0,0,0,0,0,0,0
EC,Coach-2,1,0,0,0,0,0,0,0,0,0,0
EC,Coach-2,2,0,0,0,0,0,0,0,0,0,0
EC,Coach-2,3,0,0,0,0,0,0,0,0,0,0
EC,Coach-2,4,0,0,0,0,0,0,0,0,0,0
EC,Coach-2,5,0,0,0,0,0,0,0,0,0,0
EC,Coach-2,6,0,0,0,0,0,0,0,0,0,0
EC,Coach-2,7,0,0,0,0,0,0,0,0,0,0
EC,Coach-2,8,0,0,0,0,0,0,0,0,0,0
EC,Coach-2,9,0,0,0,0,0,0,0,0,0,0
EC,Coach-2,10,0,0,0,0,0,0,0,0,0,0
EC,Coach-2,11,0,0,0,0,0,0,0,0,0,0
EC,Coach-2,12,0,0,0,0,0,0,0,0,0,0
EC,Coach-2,13,0,0,0,0,0,0,0,0,0,0
EC,Coach-2,14,0,0,0,0,0,0,0,0,0,0
EC,Coach-2,15,0,0,0,0,0,0,0,0,0,0
EC,Coach-2,16,0,0,0,0,0,0,0,0,0,0
EC,Coach-2,17,0,0,0,0,0,0,0,0,0,0
EC,Coach-2,18,0,0,0,0,0,0,0,0,0,0
EC,Coach-2,19,0,0,0,0,0,0,0,0,0,0
EC,Coach-2,20,0,0,0,0,0,0,0,0,0,0
EC,Coach-2,21,0,0,0,0,0,0,0,0,0,0
EC,Coach-2,22,0,0,0,0,0,0,0,0,0,0
EC,Coach-2,23,0,0,0,0,0,0,0,0,0,0
EC,Coach-2,24,0,0,0,0,0,0,0,0,0,0
EC,Coach-2,25,0,0,0,0,0,0,0,0,0,0
EC,Coach-2,26,0,0,0,0,0,0,0,0,0,0
EC,Coach-2,27,0,0,0,0,0,0,0,0,0,0
EC,Coach-2,28,0,0,0,0,0,0,0,0,0,0
EC,Coach-2,29,0,0,0,0,0,0,0,0,0,0
EC,Coach-2,30,0,0,0,0,0,0,0,0,0,0
EC,Coach-2,31,0,0,0,0,0,0,0,0,0,0
EC,Coach-2,32,0,0,0,0,0,0,0,0,0,0
EC,Coach-2,33,0,0,0,0,0,0,0,0,0,0
EC,Coach-2,34,0,0,0,0,0,0,0,0,0,0
EC,Coach-2,35,0,0,0,0,0,0,0,0,0,0
EC,Coach-2,36,0,0,0,0,0,0,0,0,0,0
EC,Coach-2,37,0,0,0,0,0,0,0,0,0,0
EC,Coach-2,38,0,0,0,0,0,0,0,0,0,0
EC,Coach-2,39,0,0,0,0,0,0,0,0,0,0
EC,Coach-2,40,0,0,0,0,0,0,0,0,0,0
EC,Coach-2,41,0,0,0,0,0,0,0,0,0,0
EC,Coach-2,42,0,0,0,0,0,0,0,0,0,0
EC,Coach-2,43,0,0,0,0,0,0,0,0,0,0
EC,Coach-2,44,0,0,0,0,0,0,0,0,0,0
EC,Coach-2,45,0,0,0,0,0,0,0,0,0,0
AC,Coach-1,1,0,0,0,0,0,0,0,0,0,0
AC,Coach-1,2,0,0,0,0,0,0,0,0,0,0
AC,Coach-1,3,0,0,0,0,0,0,0,0,0,0
AC,Coach-1,4,0,0,0,0,0,0,0,0,0,0
AC,Coach-1,5,0,0,0,0,0,0,0,0,0,0
AC,Coach-1,6,0,0,0,0,0,0,0,0,0,0
AC,Coach-1,7,0,0,0,0,0,0,0,0,0,0
AC,Coach-1,8,0,0,0,0,0,0,0,0,0,0
AC,Coach-1,9,0,0,0,0,0,0,0,0,0,0
AC,Coach-1,10,0,0,0,0,0,0,0,0,0,0
AC,Coach-1,11,0,0,0,0,0,0,0,0,0,0
AC,Coach-1,12,0,0,0,0,0,0,0,0,0,0
AC,Coach-1,13,0,0,0,0,0,0,0,0,0,0
AC,Coach-1,14,0,0,0,0,0,0,0,0,0,0
AC,Coach-1,15,0,0,0,0,0,0,0,0,0,0
AC,Coach-1,16,0,0,0,0,0,0,0,0,0,0
AC,Coach-1,17,0,0,0,0,0,0,0,0,0,0
AC,Coach-1,18,0,0,0,0,0,0,0,0,0,0
AC,Coach-1,19,0,0,0,0,0,0,0,0,0,0
AC,Coach-1,20,0,0,0,0,0,0,0,0,0,0
AC,Coach-1,21,0,0,0,0,0,0,0,0,0,0
AC,Coach-1,22,0,0,0,0,0,0,0,0,0,0
AC,Coach-1,23,0,0,0,0,0,0,0,0,0,0
AC,Coach-1,24,0,0,0,0,0,0,0,0,0,0
AC,Coach-1,25,0,0,0,0,0,0,0,0,0,0
AC,Coach-1,26,0,0,0,0,0,0,0,0,0,0
AC,Coach-1,27,0,0,0,0,0,0,0,0,0,0
AC,Coach-1,28,0,0,0,0,0,0,0,0,0,0
AC,Coach-1,29,0,0,0,0,0,0,0,0,0,0
AC,Coach-1,30,0,0,0,0,0,0,0,0,0,0
AC,Coach-1,31,0,0,0,0,0,0,0,0,0,0
AC,Coach-1,32,0,0,0,0,0,0,0,0,0,0
AC,Coach-1,33,0,0,0,0,0,0,0,0,0,0
AC,Coach-1,34,0,0,0,0,0,0,0,0,0,0
AC,Coach-1,35,0,0,0,0,0,0,0,0,0,0
AC,Coach-1,36,0,0,0,0,0,0,0,0,0,0
AC,Coach-1,37,0,0,0,0,0,0,0,0,0,0
AC,Coach-1,38,0,0,0,0,0,0,0,0,0,0
AC,Coach-1,39,0,0,0,0,0,0,0,0,0,0
AC,Coach-1,40,0,0,0,0,0,0,0,0,0,0
AC,Coach-1,41,0,0,0,0,0,0,0,0,0,0
AC,Coach-1,42,0,0,0,0,0,0,0,0,0,0
AC,Coach-1,43,0,0,0,0,0,0,0,0,0,0
AC,Coach-1,44,0,0,0,0,0,0,0,0,0,0
AC,Coach-1,45,0,0,0,0,0,0,0,0,0,0
AC,Coach-1,46,0,0,0,0,0,0,0,0,0,0
AC,Coach-1,47,0,0,0,0,0,0,0,0,0,0
AC,Coach-1,48,0,0,0,0,0,0,0,0,0,0
AC,Coach-1,49,0,0,0,0,0,0,0,0,0,0
AC,Coach-1,50,0,0,0,0,0,0,0,0,0,0
AC,Coach-1,51,0,0,0,0,0,0,0,0,0,0
AC,Coach-1,52,0,0,0,0,0,0,0,0,0,0
AC,Coach-1,53,0,0,0,0,0,0,0,0,0,0
AC,Coach-1,54,0,0,0,0,0,0,0,0,0,0
AC,Coach-1,55,0,0,0,0,0,0,0,0,0,0
AC,Coach-1,56,0,0,0,0,0,0,0,0,0,0
AC,Coach-1,57,0,0,0,0,0,0,0,0,0,0
AC,Coach-1,58,0,0,0,0,0,0,0,0,0,0
AC,Coach-1,59,0,0,0,0,0,0,0,0,0,0
AC,Coach-1,60,0,0,0,0,0,0,0,0,0,0
AC,Coach-2,1,0,0,0,0,0,0,0,0,0,0
AC,Coach-2,2,0,0,0,0,0,0,0,0,0,0
AC,Coach-2,3,0,0,0,0,0,0,0,0,0,0
AC,Coach-2,4,0,0,0,0,0,0,0,0,0,0
AC,Coach-2,5,0,0,0,0,0,0,0,0,0,0
AC,Coach-2,6,0,0,0,0,0,0,0,0,0,0
AC,Coach-2,7,0,0,0,0,0,0,0,0,0,0
AC,Coach-2,8,0,0,0,0,0,0,0,0,0,0
AC,Coach-2,9,0,0,0,0,0,0,0,0,0,0
AC,Coach-2,10,0,0,0,0,0,0,0,0,0,0
AC,Coach-2,11,0,0,0,0,0,0,0,0,0,0
AC,Coach-2,12,0,0,0,0,0,0,0,0,0,0
AC,Coach-2,13,0,0,0,0,0,0,0,0,0,0
AC,Coach-2,14,0,0,0,0,0,0,0,0,0,0
AC,Coach-2,15,0,0,0,0,0,0,0,0,0,0
AC,Coach-2,16,0,0,0,0,0,0,0,0,0,0
AC,Coach-2,17,0,0,0,0,0,0,0,0,0,0
AC,Coach-2,18,0,0,0,0,0,0,0,0,0,0
AC,Coach-2,19,0,0,0,0,0,0,0,0,0,0
AC,Coach-2,20,0,0,0,0,0,0,0,0,0,0
AC,Coach-2,21,0,0,0,0,0,0,0,0,0,0
AC,Coach-2,22,0,0,0,0,0,0,0,0,0,0
AC,Coach-2,23,0,0,0,0,0,0,0,0,0,0
AC,Coach-2,24,0,0,0,0,0,0,0,0,0,0
AC,Coach-2,25,0,0,0,0,0,0,0,0,0,0
AC,Coach-2,26,0,0,0,0,0,0,0,0,0,0
AC,Coach-2,27,0,0,0,0,0,0,0,0,0,0
AC,Coach-2,28,0,0,0,0,0,0,0,0,0,0
AC,Coach-2,29,0,0,0,0,0,0,0,0,0,0
AC,Coach-2,30,0,0,0,0,0,0,0,0,0,0
AC,Coach-2,31,0,0,0,0,0,0,0,0,0,0
AC,Coach-2,32,0,0,0,0,0,0,0,0,0,0
AC,Coach-2,33,0,0,0,0,0,0,0,0,0,0
AC,Coach-2,34,0,0,0,0,0,0,0,0,0,0
AC,Coach-2,35,0,0,0,0,0,0,0,0,0,0
AC,Coach-2,36,0,0,0,0,0,0,0,0,0,0
AC,Coach-2,37,0,0,0,0,0,0,0,0,0,0
AC,Coach-2,38,0,0,0,0,0,0,0,0,0,0
AC,Coach-2,39,0,0,0,0,0,0,0,0,0,0
AC,Coach-2,40,0,0,0,0,0,0,0,0,0,0
AC,Coach-2,41,0,0,0,0,0,0,0,0,0,0
AC,Coach-2,42,0,0,0,0,0,0,0,0,0,0
AC,Coach-2,43,0,0,0,0,0,0,0,0,0,0
AC,Coach-2,44,0,0,0,0,0,0,0,0,0,0
AC,Coach-2,45,0,0,0,0,0,0,0,0,0,0
AC,Coach-2,46,0,0,0,0,0,0,0,0,0,0
AC,Coach-2,47,0,0,0,0,0,0,0,0,0,0
AC,Coach-2,48,0,0,0,0,0,0,0,0,0,0
AC,Coach-2,49,0,0,0,0,0,0,0,0,0,0
AC,Coach-2,50,0,0,0,0,0,0,0,0,0,0
AC,Coach-2,51,0,0,0,0,0,0,0,0,0,0
AC,Coach-2,52,0,0,0,0,0,0,0,0,0,0
AC,Coach-2,53,0,0,0,0,0,0,0,0,0,0
AC,Coach-2,54,0,0,0,0,0,0,0,0,0,0
AC,Coach-2,55,0,0,0,0,0,0,0,0,0,0
AC,Coach-2,56,0,0,0,0,0,0,0,0,0,0
AC,Coach-2,57,0,0,0,0,0,0,0,0,0,0
AC,Coach-2,58,0,0,0,0,0,0,0,0,0,0
AC,Coach-2,59,0,0,0,0,0,0,0,0,0,0
AC,Coach-2,60,0,0,0,0,0,0,0,0,0,0
AC,Coach-3,1,0,0,0,0,0,0,0,0,0,0
AC,Coach-3,2,0,0,0,0,0,0,0,0,0,0
AC,Coach-3,3,0,0,0,0,0,0,0,0,0,0
AC,Coach-3,4,0,0,0,0,0,0,0,0,0,0
AC,Coach-3,5,0,0,0,0,0,0,0,0,0,0
AC,Coach-3,6,0,0,0,0,0,0,0,0,0,0
AC,Coach-3,7,0,0,0,0,0,0,0,0,0,0
AC,Coach-3,8,0,0,0,0,0,0,0,0,0,0
AC,Coach-3,9,0,0,0,0,0,0,0,0,0,0
AC,Coach-3,10,0,0,0,0,0,0,0,0,0,0
AC,Coach-3,11,0,0,0,0,0,0,0,0,0,0
AC,Coach-3,12,0,0,0,0,0,0,0,0,0,0
AC,Coach-3,13,0,0,0,0,0,0,0,0,0,0
AC,Coach-3,14,0,0,0,0,0,0,0,0,0,0
AC,Coach-3,15,0,0,0,0,0,0,0,0,0,0
AC,Coach-3,16,0,0,0,0,0,0,0,0,0,0
AC,Coach-3,17,0,0,0,0,0,0,0,0,0,0
AC,Coach-3,18,0,0,0,0,0,0,0,0,0,0
AC,Coach-3,19,0,0,0,0,0,0,0,0,0,0
AC,Coach-3,20,0,0,0,0,0,0,0,0,0,0
AC,Coach-3,21,0,0,0,0,0,0,0,0,0,0
AC,Coach-3,22,0,0,0,0,0,0,0,0,0,0
AC,Coach-3,23,0,0,0,0,0,0,0,0,0,0
AC,Coach-3,24,0,0,0,0,0,0,0,0,0,0
AC,Coach-3,25,0,0,0,0,0,0,0,0,0,0
AC,Coach-3,26,0,0,0,0,0,0,0,0,0,0
AC,Coach-3,27,0,0,0,0,0,0,0,0,0,0
AC,Coach-3,28,0,0,0,0,0,0,0,0,0,0
AC,Coach-3,29,0,0,0,0,0,0,0,0,0,0
AC,Coach-3,30,0,0,0,0,0,0,0,0,0,0
AC,Coach-3,31,0,0,0,0,0,0,0,0,0,0
AC,Coach-3,32,0,0,0,0,0,0,0,0,0,0
AC,Coach-3,33,0,0,0,0,0,0,0,0,0,0
AC,Coach-3,34,0,0,0,0,0,0,0,0,0,0
AC,Coach-3,35,0,0,0,0,0,0,0,0,0,0
AC,Coach-3,36,0,0,0,0,0,0,0,0,0,0
AC,Coach-3,37,0,0,0,0,0,0,0,0,0,0
AC,Coach-3,38,0,0,0,0,0,0,0,0,0,0
AC,Coach-3,39,0,0,0,0,0,0,0,0,0,0
AC,Coach-3,40,0,0,0,0,0,0,0,0,0,0
AC,Coach-3,41,0,0,0,0,0,0,0,0,0,0
AC,Coach-3,42,0,0,0,0,0,0,0,0,0,0
AC,Coach-3,43,0,0,0,0,0,0,0,0,0,0
AC,Coach-3,44,0,0,0,0,0,0,0,0,0,0
AC,Coach-3,45,0,0,0,0,0,0,0,0,0,0
AC,Coach-3,46,0,0,0,0,0,0,0,0,0,0
AC,Coach-3,47,0,0,0,0,0,0,0,0,0,0
AC,Coach-3,48,0,0,0,0,0,0,0,0,0,0
AC,Coach-3,49,0,0,0,0,0,0,0,0,0,0
AC,Coach-3,50,0,0,0,0,0,0,0,0,0,0
AC,Coach-3,51,0,0,0,0,0,0,0,0,0,0
AC,Coach-3,52,0,0,0,0,0,0,0,0,0,0
AC,Coach-3,53,0,0,0,0,0,0,0,0,0,0
AC,Coach-3,54,0,0,0,0,0,0,0,0,0,0
AC,Coach-3,55,0,0,0,0,0,0,0,0,0,0
AC,Coach-3,56,0,0,0,0,0,0,0,0,0,0
AC,Coach-3,57,0,0,0,0,0,0,0,0,0,0
AC,Coach-3,58,0,0,0,0,0,0,0,0,0,0
AC,Coach-3,59,0,0,0,0,0,0,0,0,0,0
AC,Coach-3,60,0,0,0,0,0,0,0,0,0,0
AC,Coach-4,1,0,0,0,0,0,0,0,0,0,0
AC,Coach-4,2,0,0,0,0,0,0,0,0,0,0
AC,Coach-4,3,0,0,0,0,0,0,0,0,0,0
AC,Coach-4,4,0,0,0,0,0,0,0,0,0,0
AC,Coach-4,5,0,0,0,0,0,0,0,0,0,0
AC,Coach-4,6,0,0,0,0,0,0,0,0,0,0
AC,Coach-4,7,0,0,0,0,0,0,0,0,0,0
AC,Coach-4,8,0,0,0,0,0,0,0,0,0,0
AC,Coach-4,9,0,0,0,0,0,0,0,0,0,0
AC,Coach-4,10,0,0,0,0,0,0,0,0,0,0
AC,Coach-4,11,0,0,0,0,0,0,0,0,0,0
AC,Coach-4,12,0,0,0,0,0,0,0,0,0,0
AC,Coach-4,13,0,0,0,0,0,0,0,0,0,0
AC,Coach-4,14,0,0,0,0,0,0,0,0,0,0
AC,Coach-4,15,0,0,0,0,0,0,0,0,0,0
AC,Coach-4,16,0,0,0,0,0,0,0,0,0,0
AC,Coach-4,17,0,0,0,0,0,0,0,0,0,0
AC,Coach-4,18,0,0,0,0,0,0,0,0,0,0
AC,Coach-4,19,0,0,0,0,0,0,0,0,0,0
AC,Coach-4,20,0,0,0,0,0,0,0,0,0,0
AC,Coach-4,21,0,0,0,0,0,0,0,0,0,0
AC,Coach-4,22,0,0,0,0,0,0,0,0,0,0
AC,Coach-4,23,0,0,0,0,0,0,0,0,0,0
AC,Coach-4,24,0,0,0,0,0,0,0,0,0,0
AC,Coach-4,25,0,0,0,0,0,0,0,0,0,0
AC,Coach-4,26,0,0,0,0,0,0,0,0,0,0
AC,Coach-4,27,0,0,0,0,0,0,0,0,0,0
AC,Coach-4,28,0,0,0,0,0,0,0,0,0,0
AC,Coach-4,29,0,0,0,0,0,0,0,0,0,0
AC,Coach-4,30,0,0,0,0,0,0,0,0,0,0
AC,Coach-4,31,0,0,0,0,0,0,0,0,0,0
AC,Coach-4,32,0,0,0,0,0,0,0,0,0,0
AC,Coach-4,33,0,0,0,0,0,0,0,0,0,0
AC,Coach-4,34,0,0,0,0,0,0,0,0,0,0
AC,Coach-4,35,0,0,0,0,0,0,0,0,0,0
AC,Coach-4,36,0,0,0,0,0,0,0,0,0,0
AC,Coach-4,37,0,0,0,0,0,0,0,0,0,0
AC,Coach-4,38,0,0,0,0,0,0,0,0,0,0
AC,Coach-4,39,0,0,0,0,0,0,0,0,0,0
AC,Coach-4,40,0,0,0,0,0,0,0,0,0,0
AC,Coach-4,41,0,0,0,0,0,0,0,0,0,0
AC,Coach-4,42,0,0,0,0,0,0,0,0,0,0
AC,Coach-4,43,0,0,0,0,0,0,0,0,0,0
AC,Coach-4,44,0,0,0,0,0,0,0,0,0,0
AC,Coach-4,45,0,0,0,0,0,0,0,0,0,0
AC,Coach-4,46,0,0,0,0,0,0,0,0,0,0
AC,Coach-4,47,0,0,0,0,0,0,0,0,0,0
AC,Coach-4,48,0,0,0,0,0,0,0,0,0,0
AC,Coach-4,49,0,0,0,0,0,0,0,0,0,0
AC,Coach-4,50,0,0,0,0,0,0,0,0,0,0
AC,Coach-4,51,0,0,0,0,0,0,0,0,0,0
AC,Coach-4,52,0,0,0,0,0,0,0,0,0,0
AC,Coach-4,53,0,0,0,0,0,0,0,0,0,0
AC,Coach-4,54,0,0,0,0,0,0,0,0,0,0
AC,Coach-4,55,0,0,0,0,0,0,0,0,0,0
AC,Coach-4,56,0,0,0,0,0,0,0,0,0,0
AC,Coach-4,57,0,0,0,0,0,0,0,0,0,0
AC,Coach-4,58,0,0,0,0,0,0,0,0,0,0
AC,Coach-4,59,0,0,0,0,0,0,0,0,0,0
AC,Coach-4,60,0,0,0,0,0,0,0,0,0,0
AC,Coach-5,1,0,0,0,0,0,0,0,0,0,0
AC,Coach-5,2,0,0,0,0,0,0,0,0,0,0
AC,Coach-5,3,0,0,0,0,0,0,0,0,0,0
AC,Coach-5,4,0,0,0,0,0,0,0,0,0,0
AC,Coach-5,5,0,0,0,0,0,0,0,0,0,0
AC,Coach-5,6,0,0,0,0,0,0,0,0,0,0
AC,Coach-5,7,0,0,0,0,0,0,0,0,0,0
AC,Coach-5,8,0,0,0,0,0,0,0,0,0,0
AC,Coach-5,9,0,0,0,0,0,0,0,0,0,0
AC,Coach-5,10,0,0,0,0,0,0,0,0,0,0
AC,Coach-5,11,0,0,0,0,0,0,0,0,0,0
AC,Coach-5,12,0,0,0,0,0,0,0,0,0,0
AC,Coach-5,13,0,0,0,0,0,0,0,0,0,0
AC,Coach-5,14,0,0,0,0,0,0,0,0,0,0
AC,Coach-5,15,0,0,0,0,0,0,0,0,0,0
AC,Coach-5,16,0,0,0,0,0,0,0,0,0,0
AC,Coach-5,17,0,0,0,0,0,0,0,0,0,0
AC,Coach-5,18,0,0,0,0,0,0,0,0,0,0
AC,Coach-5,19,0,0,0,0,0,0,0,0,0,0
AC,Coach-5,20,0,0,0,0,0,0,0,0,0,0
AC,Coach-5,21,0,0,0,0,0,0,0,0,0,0
AC,Coach-5,22,0,0,0,0,0,0,0,0,0,0
AC,Coach-5,23,0,0,0,0,0,0,0,0,0,0
AC,Coach-5,24,0,0,0,0,0,0,0,0,0,0
AC,Coach-5,25,0,0,0,0,0,0,0,0,0,0
AC,Coach-5,26,0,0,0,0,0,0,0,0,0,0
AC,Coach-5,27,0,0,0,0,0,0,0,0,0,0
AC,Coach-5,28,0,0,0,0,0,0,0,0,0,0
AC,Coach-5,29,0,0,0,0,0,0,0,0,0,0
AC,Coach-5,30,0,0,0,0,0,0,0,0,0,0
AC,Coach-5,31,0,0,0,0,0,0,0,0,0,0
AC,Coach-5,32,0,0,0,0,0,0,0,0,0,0
AC,Coach-5,33,0,0,0,0,0,0,0,0,0,0
AC,Coach-5,34,0,0,0,0,0,0,0,0,0,0
AC,Coach-5,35,0,0,0,0,0,0,0,0,0,0
AC,Coach-5,36,0,0,0,0,0,0,0,0,0,0
AC,Coach-5,37,0,0,0,0,0,0,0,0,0,0
AC,Coach-5,38,0,0,0,0,0,0,0,0,0,0
AC,Coach-5,39,0,0,0,0,0,0,0,0,0,0
AC,Coach-5,40,0,0,0,0,0,0,0,0,0,0
AC,Coach-5,41,0,0,0,0,0,0,0,0,0,0
AC,Coach-5,42,0,0,0,0,0,0,0,0,0,0
AC,Coach-5,43,0,0,0,0,0,0,0,0,0,0
AC,Coach-5,44,0,0,0,0,0,0,0,0,0,0
AC,Coach-5,45,0,0,0,0,0,0,0,0,0,0
AC,Coach-5,46,0,0,0,0,0,0,0,0,0,0
AC,Coach-5,47,0,0,0,0,0,0,0,0,0,0
AC,Coach-5,48,0,0,0,0,0,0,0,0,0,0
AC,Coach-5,49,0,0,0,0,0,0,0,0,0,0
AC,Coach-5,50,0,0,0,0,0,0,0,0,0,0
AC,Coach-5,51,0,0,0,0,0,0,0,0,0,0
AC,Coach-5,52,0,0,0,0,0,0,0,0,0,0
AC,Coach-5,53,0,0,0,0,0,0,0,0,0,0
AC,Coach-5,54,0,0,0,0,0,0,0,0,0,0
AC,Coach-5,55,0,0,0,0,0,0,0,0,0,0
AC,Coach-5,56,0,0,0,0,0,0,0,0,0,0
AC,Coach-5,57,0,0,0,0,0,0,0,0,0,0
AC,Coach-5,58,0,0,0,0,0,0,0,0,0,0
AC,Coach-5,59,0,0,0,0,0,0,0,0,0,0
AC,Coach-5,60,0,0,0,0,0,0,0,0,0,0
CC,Coach-1,1,0,0,0,0,0,0,0,0,0,0
CC,Coach-1,2,0,0,0,0,0,0,0,0,0,0
CC,Coach-1,3,0,0,0,0,0,0,0,0,0,0
CC,Coach-1,4,0,0,0,0,0,0,0,0,0,0
CC,Coach-1,5,0,0,0,0,0,0,0,0,0,0
CC,Coach-1,6,0,0,0,0,0,0,0,0,0,0
CC,Coach-1,7,0,0,0,0,0,0,0,0,0,0
CC,Coach-1,8,0,0,0,0,0,0,0,0,0,0
CC,Coach-1,9,0,0,0,0,0,0,0,0,0,0
CC,Coach-1,10,0,0,0,0,0,0,0,0,0,0
CC,Coach-1,11,0,0,0,0,0,0,0,0,0,0
CC,Coach-1,12,0,0,0,0,0,0,0,0,0,0
CC,Coach-1,13,0,0,0,0,0,0,0,0,0,0
CC,Coach-1,14,0,0,0,0,0,0,0,0,0,0
CC,Coach-1,15,0,0,0,0,0,0,0,0,0,0
CC,Coach-1,16,0,0,0,0,0,0,0,0,0,0
CC,Coach-1,17,0,0,0,0,0,0,0,0,0,0
CC,Coach-1,18,0,0,0,0,0,0,0,0,0,0
CC,Coach-1,19,0,0,0,0,0,0,0,0,0,0
CC,Coach-1,20,0,0,0,0,0,0,0,0,0,0
CC,Coach-1,21,0,0,0,0,0,0,0,0,0,0
CC,Coach-1,22,0,0,0,0,0,0,0,0,0,0
CC,Coach-1,23,0,0,0,0,0,0,0,0,0,0
CC,Coach-1,24,0,0,0,0,0,0,0,0,0,0
CC,Coach-1,25,0,0,0,0,0,0,0,0,0,0
CC,Coach-1,26,0,0,0,0,0,0,0,0,0,0
CC,Coach-1,27,0,0,0,0,0,0,0,0,0,0
CC,Coach-1,28,0,0,0,0,0,0,0,0,0,0
CC,Coach-1,29,0,0,0,0,0,0,0,0,0,0
CC,Coach-1,30,0,0,0,0,0,0,0,0,0,0
CC,Coach-1,31,0,0,0,0,0,0,0,0,0,0
CC,Coach-1,32,0,0,0,0,0,0,0,0,0,0
CC,Coach-1,33,0,0,0,0,0,0,0,0,0,0
CC,Coach-1,34,0,0,0,0,0,0,0,0,0,0
CC,Coach-1,35,0,0,0,0,0,0,0,0,0,0
CC,Coach-1,36,0,0,0,0,0,0,0,0,0,0
CC,Coach-1,37,0,0,0,0,0,0,0,0,0,0
CC,Coach-1,38,0,0,0,0,0,0,0,0,0,0
CC,Coach-1,39,0,0,0,0,0,0,0,0,0,0
CC,Coach-1,40,0,0,0,0,0,0,0,0,0,0
CC,Coach-1,41,0,0,0,0,0,0,0,0,0,0
CC,Coach-1,42,0,0,0,0,0,0,0,0,0,0
CC,Coach-1,43,0,0,0,0,0,0,0,0,0,0
CC,Coach-1,44,0,0,0,0,0,0,0,0,0,0
CC,Coach-1,45,0,0,0,0,0,0,0,0,0,0
CC,Coach-1,46,0,0,0,0,0,0,0,0,0,0
CC,Coach-1,47,0,0,0,0,0,0,0,0,0,0
CC,Coach-1,48,0,0,0,0,0,0,0,0,0,0
CC,Coach-1,49,0,0,0,0,0,0,0,0,0,0
CC,Coach-1,50,0,0,0,0,0,0,0,0,0,0
CC,Coach-1,51,0,0,0,0,0,0,0,0,0,0
CC,Coach-1,52,0,0,0,0,0,0,0,0,0,0
CC,Coach-1,53,0,0,0,0,0,0,0,0,0,0
CC,Coach-1,54,0,0,0,0,0,0,0,0,0,0
CC,Coach-1,55,0,0,0,0,0,0,0,0,0,0
CC,Coach-1,56,0,0,0,0,0,0,0,0,0,0
CC,Coach-1,57,0,0,0,0,0,0,0,0,0,0
CC,Coach-1,58,0,0,0,0,0,0,0,0,0,0
CC,Coach-1,59,0,0,0,0,0,0,0,0,0,0
CC,Coach-1,60,0,0,0,0,0,0,0,0,0,0
CC,Coach-1,61,0,0,0,0,0,0,0,0,0,0
CC,Coach-1,62,0,0,0,0,0,0,0,0,0,0
CC,Coach-1,63,0,0,0,0,0,0,0,0,0,0
CC,Coach-1,64,0,0,0,0,0,0,0,0,0,0
CC,Coach-1,65,0,0,0,0,0,0,0,0,0,0
CC,Coach-1,66,0,0,0,0,0,0,0,0,0,0
CC,Coach-1,67,0,0,0,0,0,0,0,0,0,0
CC,Coach-1,68,0,0,0,0,0,0,0,0,0,0
CC,Coach-1,69,0,0,0,0,0,0,0,0,0,0
CC,Coach-1,70,0,0,0,0,0,0,0,0,0,0
CC,Coach-1,71,0,0,0,0,0,0,0,0,0,0
CC,Coach-1,72,0,0,0,0,0,0,0,0,0,0
CC,Coach-1,73,0,0,0,0,0,0,0,0,0,0
CC,Coach-1,74,0,0,0,0,0,0,0,0,0,0
CC,Coach-1,75,0,0,0,0,0,0,0,0,0,0
CC,Coach-1,76,0,0,0,0,0,0,0,0,0,0
CC,Coach-1,77,0,0,0,0,0,0,0,0,0,0
CC,Coach-1,78,0,0,0,0,0,0,0,0,0,0
CC,Coach-1,79,0,0,0,0,0,0,0,0,0,0
CC,Coach-1,80,0,0,0,0,0,0,0,0,0,0
CC,Coach-1,81,0,0,0,0,0,0,0,0,0,0
CC,Coach-1,82,0,0,0,0,0,0,0,0,0,0
CC,Coach-1,83,0,0,0,0,0,0,0,0,0,0
CC,Coach-1,84,0,0,0,0,0,0,0,0,0,0
CC,Coach-1,85,0,0,0,0,0,0,0,0,0,0
CC,Coach-1,86,0,0,0,0,0,0,0,0,0,0
CC,Coach-1,87,0,0,0,0,0,0,0,0,0,0
CC,Coach-1,88,0,0,0,0,0,0,0,0,0,0
CC,Coach-1,89,0,0,0,0,0,0,0,0,0,0
CC,Coach-1,90,0,0,0,0,0,0,0,0,0,0
CC,Coach-1,91,0,0,0,0,0,0,0,0,0,0
CC,Coach-1,92,0,0,0,0,0,0,0,0,0,0
CC,Coach-1,93,0,0,0,0,0,0,0,0,0,0
CC,Coach-1,94,0,0,0,0,0,0,0,0,0,0
CC,Coach-1,95,0,0,0,0,0,0,0,0,0,0
CC,Coach-1,96,0,0,0,0,0,0,0,0,0,0
CC,Coach-1,97,0,0,0,0,0,0,0,0,0,0
CC,Coach-1,98,0,0,0,0,0,0,0,0,0,0
CC,Coach-1,99,0,0,0,0,0,0,0,0,0,0
CC,Coach-1,100,0,0,0,0,0,0,0,0,0,0
CC,Coach-1,101,0,0,0,0,0,0,0,0,0,0
CC,Coach-1,102,0,0,0,0,0,0,0,0,0,0
CC,Coach-1,103,0,0,0,0,0,0,0,0,0,0
CC,Coach-1,104,0,0,0,0,0,0,0,0,0,0
CC,Coach-1,105,0,0,0,0,0,0,0,0,0,0
CC,Coach-1,106,0,0,0,0,0,0,0,0,0,0
CC,Coach-1,107,0,0,0,0,0,0,0,0,0,0
CC,Coach-1,108,0,0,0,0,0,0,0,0,0,0
CC,Coach-1,109,0,0,0,0,0,0,0,0,0,0
CC,Coach-1,110,0,0,0,0,0,0,0,0,0,0
CC,Coach-1,111,0,0,0,0,0,0,0,0,0,0
CC,Coach-1,112,0,0,0,0,0,0,0,0,0,0
CC,Coach-1,113,0,0,0,0,0,0,0,0,0,0
CC,Coach-1,114,0,0,0,0,0,0,0,0,0,0
CC,Coach-1,115,0,0,0,0,0,0,0,0,0,0
CC,Coach-1,116,0,0,0,0,0,0,0,0,0,0
CC,Coach-1,117,0,0,0,0,0,0,0,0,0,0
CC,Coach-1,118,0,0,0,0,0,0,0,0,0,0
CC,Coach-1,119,0,0,0,0,0,0,0,0,0,0
CC,Coach-1,120,0,0,0,0,0,0,0,0,0,0
CC,Coach-2,1,0,0,0,0,0,0,0,0,0,0
CC,Coach-2,2,0,0,0,0,0,0,0,0,0,0
CC,Coach-2,3,0,0,0,0,0,0,0,0,0,0
CC,Coach-2,4,0,0,0,0,0,0,0,0,0,0
CC,Coach-2,5,0,0,0,0,0,0,0,0,0,0
CC,Coach-2,6,0,0,0,0,0,0,0,0,0,0
CC,Coach-2,7,0,0,0,0,0,0,0,0,0,0
CC,Coach-2,8,0,0,0,0,0,0,0,0,0,0
CC,Coach-2,9,0,0,0,0,0,0,0,0,0,0
CC,Coach-2,10,0,0,0,0,0,0,0,0,0,0
CC,Coach-2,11,0,0,0,0,0,0,0,0,0,0
CC,Coach-2,12,0,0,0,0,0,0,0,0,0,0
CC,Coach-2,13,0,0,0,0,0,0,0,0,0,0
CC,Coach-2,14,0,0,0,0,0,0,0,0,0,0
CC,Coach-2,15,0,0,0,0,0,0,0,0,0,0
CC,Coach-2,16,0,0,0,0,0,0,0,0,0,0
CC,Coach-2,17,0,0,0,0,0,0,0,0,0,0
CC,Coach-2,18,0,0,0,0,0,0,0,0,0,0
CC,Coach-2,19,0,0,0,0,0,0,0,0,0,0
CC,Coach-2,20,0,0,0,0,0,0,0,0,0,0
CC,Coach-2,21,0,0,0,0,0,0,0,0,0,0
CC,Coach-2,22,0,0,0,0,0,0,0,0,0,0
CC,Coach-2,23,0,0,0,0,0,0,0,0,0,0
CC,Coach-2,24,0,0,0,0,0,0,0,0,0,0
CC,Coach-2,25,0,0,0,0,0,0,0,0,0,0
CC,Coach-2,26,0,0,0,0,0,0,0,0,0,0
CC,Coach-2,27,0,0,0,0,0,0,0,0,0,0
CC,Coach-2,28,0,0,0,0,0,0,0,0,0,0
CC,Coach-2,29,0,0,0,0,0,0,0,0,0,0
CC,Coach-2,30,0,0,0,0,0,0,0,0,0,0
CC,Coach-2,31,0,0,0,0,0,0,0,0,0,0
CC,Coach-2,32,0,0,0,0,0,0,0,0,0,0
CC,Coach-2,33,0,0,0,0,0,0,0,0,0,0
CC,Coach-2,34,0,0,0,0,0,0,0,0,0,0
CC,Coach-2,35,0,0,0,0,0,0,0,0,0,0
CC,Coach-2,36,0,0,0,0,0,0,0,0,0,0
CC,Coach-2,37,0,0,0,0,0,0,0,0,0,0
CC,Coach-2,38,0,0,0,0,0,0,0,0,0,0
CC,Coach-2,39,0,0,0,0,0,0,0,0,0,0
CC,Coach-2,40,0,0,0,0,0,0,0,0,0,0
CC,Coach-2,41,0,0,0,0,0,0,0,0,0,0
CC,Coach-2,42,0,0,0,0,0,0,0,0,0,0
CC,Coach-2,43,0,0,0,0,0,0,0,0,0,0
CC,Coach-2,44,0,0,0,0,0,0,0,0,0,0
CC,Coach-2,45,0,0,0,0,0,0,0,0,0,0
CC,Coach-2,46,0,0,0,0,0,0,0,0,0,0
CC,Coach-2,47,0,0,0,0,0,0,0,0,0,0
CC,Coach-2,48,0,0,0,0,0,0,0,0,0,0
CC,Coach-2,49,0,0,0,0,0,0,0,0,0,0
CC,Coach-2,50,0,0,0,0,0,0,0,0,0,0
CC,Coach-2,51,0,0,0,0,0,0,0,0,0,0
CC,Coach-2,52,0,0,0,0,0,0,0,0,0,0
CC,Coach-2,53,0,0,0,0,0,0,0,0,0,0
CC,Coach-2,54,0,0,0,0,0,0,0,0,0,0
CC,Coach-2,55,0,0,0,0,0,0,0,0,0,0
CC,Coach-2,56,0,0,0,0,0,0,0,0,0,0
CC,Coach-2,57,0,0,0,0,0,0,0,0,0,0
CC,Coach-2,58,0,0,0,0,0,0,0,0,0,0
CC,Coach-2,59,0,0,0,0,0,0,0,0,0,0
CC,Coach-2,60,0,0,0,0,0,0,0,0,0,0
CC,Coach-2,61,0,0,0,0,0,0,0,0,0,0
CC,Coach-2,62,0,0,0,0,0,0,0,0,0,0
CC,Coach-2,63,0,0,0,0,0,0,0,0,0,0
CC,Coach-2,64,0,0,0,0,0,0,0,0,0,0
CC,Coach-2,65,0,0,0,0,0,0,0,0,0,0
CC,Coach-2,66,0,0,0,0,0,0,0,0,0,0
CC,Coach-2,67,0,0,0,0,0,0,0,0,0,0
CC,Coach-2,68,0,0,0,0,0,0,0,0,0,0
CC,Coach-2,69,0,0,0,0,0,0,0,0,0,0
CC,Coach-2,70,0,0,0,0,0,0,0,0,0,0
CC,Coach-2,71,0,0,0,0,0,0,0,0,0,0
CC,Coach-2,72,0,0,0,0,0,0,0,0,0,0
CC,Coach-2,73,0,0,0,0,0,0,0,0,0,0
CC,Coach-2,74,0,0,0,0,0,0,0,0,0,0
CC,Coach-2,75,0,0,0,0,0,0,0,0,0,0
CC,Coach-2,76,0,0,0,0,0,0,0,0,0,0
CC,Coach-2,77,0,0,0,0,0,0,0,0,0,0
CC,Coach-2,78,0,0,0,0,0,0,0,0,0,0
CC,Coach-2,79,0,0,0,0,0,0,0,0,0,0
CC,Coach-2,80,0,0,0,0,0,0,0,0,0,0
CC,Coach-2,81,0,0,0,0,0,0,0,0,0,0
CC,Coach-2,82,0,0,0,0,0,0,0,0,0,0
CC,Coach-2,83,0,0,0,0,0,0,0,0,0,0
CC,Coach-2,84,0,0,0,0,0,0,0,0,0,0
CC,Coach-2,85,0,0,0,0,0,0,0,0,0,0
CC,Coach-2,86,0,0,0,0,0,0,0,0,0,0
CC,Coach-2,87,0,0,0,0,0,0,0,0,0,0
CC,Coach-2,88,0,0,0,0,0,0,0,0,0,0
CC,Coach-2,89,0,0,0,0,0,0,0,0,0,0
CC,Coach-2,90,0,0,0,0,0,0,0,0,0,0
CC,Coach-2,91,0,0,0,0,0,0,0,0,0,0
CC,Coach-2,92,0,0,0,0,0,0,0,0,0,0
CC,Coach-2,93,0,0,0,0,0,0,0,0,0,0
CC,Coach-2,94,0,0,0,0,0,0,0,0,0,0
CC,Coach-2,95,0,0,0,0,0,0,0,0,0,0
CC,Coach-2,96,0,0,0,0,0,0,0,0,0,0
CC,Coach-2,97,0,0,0,0,0,0,0,0,0,0
CC,Coach-2,98,0,0,0,0,0,0,0,0,0,0
CC,Coach-2,99,0,0,0,0,0,0,0,0,0,0
CC,Coach-2,100,0,0,0,0,0,0,0,0,0,0
CC,Coach-2,101,0,0,0,0,0,0,0,0,0,0
CC,Coach-2,102,0,0,0,0,0,0,0,0,0,0
CC,Coach-2,103,0,0,0,0,0,0,0,0,0,0
CC,Coach-2,104,0,0,0,0,0,0,0,0,0,0
CC,Coach-2,105,0,0,0,0,0,0,0,0,0,0
CC,Coach-2,106,0,0,0,0,0,0,0,0,0,0
CC,Coach-2,107,0,0,0,0,0,0,0,0,0,0
CC,Coach-2,108,0,0,0,0,0,0,0,0,0,0
CC,Coach-2,109,0,0,0,0,0,0,0,0,0,0
CC,Coach-2,110,0,0,0,0,0,0,0,0,0,0
CC,Coach-2,111,0,0,0,0,0,0,0,0,0,0
CC,Coach-2,112,0,0,0,0,0,0,0,0,0,0
CC,Coach-2,113,0,0,0,0,0,0,0,0,0,0
CC,Coach-2,114,0,0,0,0,0,0,0,0,0,0
CC,Coach-2,115,0,0,0,0,0,0,0,0,0,0
CC,Coach-2,116,0,0,0,0,0,0,0,0,0,0
CC,Coach-2,117,0,0,0,0,0,0,0,0,0,0
CC,Coach-2,118,0,0,0,0,0,0,0,0,0,0
CC,Coach-2,119,0,0,0,0,0,0,0,0,0,0
CC,Coach-2,120,0,0,0,0,0,0,0,0,0,0
CC,Coach-3,1,0,0,0,0,0,0,0,0,0,0
CC,Coach-3,2,0,0,0,0,0,0,0,0,0,0
CC,Coach-3,3,0,0,0,0,0,0,0,0,0,0
CC,Coach-3,4,0,0,0,0,0,0,0,0,0,0
CC,Coach-3,5,0,0,0,0,0,0,0,0,0,0
CC,Coach-3,6,0,0,0,0,0,0,0,0,0,0
CC,Coach-3,7,0,0,0,0,0,0,0,0,0,0
CC,Coach-3,8,0,0,0,0,0,0,0,0,0,0
CC,Coach-3,9,0,0,0,0,0,0,0,0,0,0
CC,Coach-3,10,0,0,0,0,0,0,0,0,0,0
CC,Coach-3,11,0,0,0,0,0,0,0,0,0,0
CC,Coach-3,12,0,0,0,0,0,0,0,0,0,0
CC,Coach-3,13,0,0,0,0,0,0,0,0,0,0
CC,Coach-3,14,0,0,0,0,0,0,0,0,0,0
CC,Coach-3,15,0,0,0,0,0,0,0,0,0,0
CC,Coach-3,16,0,0,0,0,0,0,0,0,0,0
CC,Coach-3,17,0,0,0,0,0,0,0,0,0,0
CC,Coach-3,18,0,0,0,0,0,0,0,0,0,0
CC,Coach-3,19,0,0,0,0,0,0,0,0,0,0
CC,Coach-3,20,0,0,0,0,0,0,0,0,0,0
CC,Coach-3,21,0,0,0,0,0,0,0,0,0,0
CC,Coach-3,22,0,0,0,0,0,0,0,0,0,0
CC,Coach-3,23,0,0,0,0,0,0,0,0,0,0
CC,Coach-3,24,0,0,0,0,0,0,0,0,0,0
CC,Coach-3,25,0,0,0,0,0,0,0,0,0,0
CC,Coach-3,26,0,0,0,0,0,0,0,0,0,0
CC,Coach-3,27,0,0,0,0,0,0,0,0,0,0
CC,Coach-3,28,0,0,0,0,0,0,0,0,0,0
CC,Coach-3,29,0,0,0,0,0,0,0,0,0,0
CC,Coach-3,30,0,0,0,0,0,0,0,0,0,0
CC,Coach-3,31,0,0,0,0,0,0,0,0,0,0
CC,Coach-3,32,0,0,0,0,0,0,0,0,0,0
CC,Coach-3,33,0,0,0,0,0,0,0,0,0,0
CC,Coach-3,34,0,0,0,0,0,0,0,0,0,0
CC,Coach-3,35,0,0,0,0,0,0,0,0,0,0
CC,Coach-3,36,0,0,0,0,0,0,0,0,0,0
CC,Coach-3,37,0,0,0,0,0,0,0,0,0,0
CC,Coach-3,38,0,0,0,0,0,0,0,0,0,0
CC,Coach-3,39,0,0,0,0,0,0,0,0,0,0
CC,Coach-3,40,0,0,0,0,0,0,0,0,0,0
CC,Coach-3,41,0,0,0,0,0,0,0,0,0,0
CC,Coach-3,42,0,0,0,0,0,0,0,0,0,0
CC,Coach-3,43,0,0,0,0,0,0,0,0,0,0
CC,Coach-3,44,0,0,0,0,0,0,0,0,0,0
CC,Coach-3,45,0,0,0,0,0,0,0,0,0,0
CC,Coach-3,46,0,0,0,0,0,0,0,0,0,0
CC,Coach-3,47,0,0,0,0,0,0,0,0,0,0
CC,Coach-3,48,0,0,0,0,0,0,0,0,0,0
CC,Coach-3,49,0,0,0,0,0,0,0,0,0,0
CC,Coach-3,50,0,0,0,0,0,0,0,0,0,0
CC,Coach-3,51,0,0,0,0,0,0,0,0,0,0
CC,Coach-3,52,0,0,0,0,0,0,0,0,0,0
CC,Coach-3,53,0,0,0,0,0,0,0,0,0,0
CC,Coach-3,54,0,0,0,0,0,0,0,0,0,0
CC,Coach-3,55,0,0,0,0,0,0,0,0,0,0
CC,Coach-3,56,0,0,0,0,0,0,0,0,0,0
CC,Coach-3,57,0,0,0,0,0,0,0,0,0,0
CC,Coach-3,58,0,0,0,0,0,0,0,0,0,0
CC,Coach-3,59,0,0,0,0,0,0,0,0,0,0
CC,Coach-3,60,0,0,0,0,0,0,0,0,0,0
CC,Coach-3,61,0,0,0,0,0,0,0,0,0,0
CC,Coach-3,62,0,0,0,0,0,0,0,0,0,0
CC,Coach-3,63,0,0,0,0,0,0,0,0,0,0
CC,Coach-3,64,0,0,0,0,0,0,0,0,0,0
CC,Coach-3,65,0,0,0,0,0,0,0,0,0,0
CC,Coach-3,66,0,0,0,0,0,0,0,0,0,0
CC,Coach-3,67,0,0,0,0,0,0,0,0,0,0
CC,Coach-3,68,0,0,0,0,0,0,0,0,0,0
CC,Coach-3,69,0,0,0,0,0,0,0,0,0,0
CC,Coach-3,70,0,0,0,0,0,0,0,0,0,0
CC,Coach-3,71,0,0,0,0,0,0,0,0,0,0
CC,Coach-3,72,0,0,0,0,0,0,0,0,0,0
CC,Coach-3,73,0,0,0,0,0,0,0,0,0,0
CC,Coach-3,74,0,0,0,0,0,0,0,0,0,0
CC,Coach-3,75,0,0,0,0,0,0,0,0,0,0
CC,Coach-3,76,0,0,0,0,0,0,0,0,0,0
CC,Coach-3,77,0,0,0,0,0,0,0,0,0,0
CC,Coach-3,78,0,0,0,0,0,0,0,0,0,0
CC,Coach-3,79,0,0,0,0,0,0,0,0,0,0
CC,Coach-3,80,0,0,0,0,0,0,0,0,0,0
CC,Coach-3,81,0,0,0,0,0,0,0,0,0,0
CC,Coach-3,82,0,0,0,0,0,0,0,0,0,0
CC,Coach-3,83,0,0,0,0,0,0,0,0,0,0
CC,Coach-3,84,0,0,0,0,0,0,0,0,0,0
CC,Coach-3,85,0,0,0,0,0,0,0,0,0,0
CC,Coach-3,86,0,0,0,0,0,0,0,0,0,0
CC,Coach-3,87,0,0,0,0,0,0,0,0,0,0
CC,Coach-3,88,0,0,0,0,0,0,0,0,0,0
CC,Coach-3,89,0,0,0,0,0,0,0,0,0,0
CC,Coach-3,90,0,0,0,0,0,0,0,0,0,0
CC,Coach-3,91,0,0,0,0,0,0,0,0,0,0
CC,Coach-3,92,0,0,0,0,0,0,0,0,0,0
CC,Coach-3,93,0,0,0,0,0,0,0,0,0,0
CC,Coach-3,94,0,0,0,0,0,0,0,0,0,0
CC,Coach-3,95,0,0,0,0,0,0,0,0,0,0
CC,Coach-3,96,0,0,0,0,0,0,0,0,0,0
CC,Coach-3,97,0,0,0,0,0,0,0,0,0,0
CC,Coach-3,98,0,0,0,0,0,0,0,0,0,0
CC,Coach-3,99,0,0,0,0,0,0,0,0,0,0
CC,Coach-3,100,0,0,0,0,0,0,0,0,0,0
CC,Coach-3,101,0,0,0,0,0,0,0,0,0,0
CC,Coach-3,102,0,0,0,0,0,0,0,0,0,0
CC,Coach-3,103,0,0,0,0,0,0,0,0,0,0
CC,Coach-3,104,0,0,0,0,0,0,0,0,0,0
CC,Coach-3,105,0,0,0,0,0,0,0,0,0,0
CC,Coach-3,106,0,0,0,0,0,0,0,0,0,0
CC,Coach-3,107,0,0,0,0,0,0,0,0,0,0
CC,Coach-3,108,0,0,0,0,0,0,0,0,0,0
CC,Coach-3,109,0,0,0,0,0,0,0,0,0,0
CC,Coach-3,110,0,0,0,0,0,0,0,0,0,0
CC,Coach-3,111,0,0,0,0,0,0,0,0,0,0
CC,Coach-3,112,0,0,0,0,0,0,0,0,0,0
CC,Coach-3,113,0,0,0,0,0,0,0,0,0,0
CC,Coach-3,114,0,0,0,0,0,0,0,0,0,0
CC,Coach-3,115,0,0,0,0,0,0,0,0,0,0
CC,Coach-3,116,0,0,0,0,0,0,0,0,0,0
CC,Coach-3,117,0,0,0,0,0,0,0,0,0,0
CC,Coach-3,118,0,0,0,0,0,0,0,0,0,0
CC,Coach-3,119,0,0,0,0,0,0,0,0,0,0
CC,Coach-3,120,0,0,0,0,0,0,0,0,0,0
CC,Coach-4,1,0,0,0,0,0,0,0,0,0,0
CC,Coach-4,2,0,0,0,0,0,0,0,0,0,0
CC,Coach-4,3,0,0,0,0,0,0,0,0,0,0
CC,Coach-4,4,0,0,0,0,0,0,0,0,0,0
CC,Coach-4,5,0,0,0,0,0,0,0,0,0,0
CC,Coach-4,6,0,0,0,0,0,0,0,0,0,0
CC,Coach-4,7,0,0,0,0,0,0,0,0,0,0
CC,Coach-4,8,0,0,0,0,0,0,0,0,0,0
CC,Coach-4,9,0,0,0,0,0,0,0,0,0,0
CC,Coach-4,10,0,0,0,0,0,0,0,0,0,0
CC,Coach-4,11,0,0,0,0,0,0,0,0,0,0
CC,Coach-4,12,0,0,0,0,0,0,0,0,0,0
CC,Coach-4,13,0,0,0,0,0,0,0,0,0,0
CC,Coach-4,14,0,0,0,0,0,0,0,0,0,0
CC,Coach-4,15,0,0,0,0,0,0,0,0,0,0
CC,Coach-4,16,0,0,0,0,0,0,0,0,0,0
CC,Coach-4,17,0,0,0,0,0,0,0,0,0,0
CC,Coach-4,18,0,0,0,0,0,0,0,0,0,0
CC,Coach-4,19,0,0,0,0,0,0,0,0,0,0
CC,Coach-4,20,0,0,0,0,0,0,0,0,0,0
CC,Coach-4,21,0,0,0,0,0,0,0,0,0,0
CC,Coach-4,22,0,0,0,0,0,0,0,0,0,0
CC,Coach-4,23,0,0,0,0,0,0,0,0,0,0
CC,Coach-4,24,0,0,0,0,0,0,0,0,0,0
CC,Coach-4,25,0,0,0,0,0,0,0,0,0,0
CC,Coach-4,26,0,0,0,0,0,0,0,0,0,0
CC,Coach-4,27,0,0,0,0,0,0,0,0,0,0
CC,Coach-4,28,0,0,0,0,0,0,0,0,0,0
CC,Coach-4,29,0,0,0,0,0,0,0,0,0,0
CC,Coach-4,30,0,0,0,0,0,0,0,0,0,0
CC,Coach-4,31,0,0,0,0,0,0,0,0,0,0
CC,Coach-4,32,0,0,0,0,0,0,0,0,0,0
CC,Coach-4,33,0,0,0,0,0,0,0,0,0,0
CC,Coach-4,34,0,0,0,0,0,0,0,0,0,0
CC,Coach-4,35,0,0,0,0,0,0,0,0,0,0
CC,Coach-4,36,0,0,0,0,0,0,0,0,0,0
CC,Coach-4,37,0,0,0,0,0,0,0,0,0,0
CC,Coach-4,38,0,0,0,0,0,0,0,0,0,0
CC,Coach-4,39,0,0,0,0,0,0,0,0,0,0
CC,Coach-4,40,0,0,0,0,0,0,0,0,0,0
CC,Coach-4,41,0,0,0,0,0,0,0,0,0,0
CC,Coach-4,42,0,0,0,0,0,0,0,0,0,0
CC,Coach-4,43,0,0,0,0,0,0,0,0,0,0
CC,Coach-4,44,0,0,0,0,0,0,0,0,0,0
CC,Coach-4,45,0,0,0,0,0,0,0,0,0,0
CC,Coach-4,46,0,0,0,0,0,0,0,0,0,0
CC,Coach-4,47,0,0,0,0,0,0,0,0,0,0
CC,Coach-4,48,0,0,0,0,0,0,0,0,0,0
CC,Coach-4,49,0,0,0,0,0,0,0,0,0,0
CC,Coach-4,50,0,0,0,0,0,0,0,0,0,0
CC,Coach-4,51,0,0,0,0,0,0,0,0,0,0
CC,Coach-4,52,0,0,0,0,0,0,0,0,0,0
CC,Coach-4,53,0,0,0,0,0,0,0,0,0,0
CC,Coach-4,54,0,0,0,0,0,0,0,0,0,0
CC,Coach-4,55,0,0,0,0,0,0,0,0,0,0
CC,Coach-4,56,0,0,0,0,0,0,0,0,0,0
CC,Coach-4,57,0,0,0,0,0,0,0,0,0,0
CC,Coach-4,58,0,0,0,0,0,0,0,0,0,0
CC,Coach-4,59,0,0,0,0,0,0,0,0,0,0
CC,Coach-4,60,0,0,0,0,0,0,0,0,0,0
CC,Coach-4,61,0,0,0,0,0,0,0,0,0,0
CC,Coach-4,62,0,0,0,0,0,0,0,0,0,0
CC,Coach-4,63,0,0,0,0,0,0,0,0,0,0
CC,Coach-4,64,0,0,0,0,0,0,0,0,0,0
CC,Coach-4,65,0,0,0,0,0,0,0,0,0,0
CC,Coach-4,66,0,0,0,0,0,0,0,0,0,0
CC,Coach-4,67,0,0,0,0,0,0,0,0,0,0
CC,Coach-4,68,0,0,0,0,0,0,0,0,0,0
CC,Coach-4,69,0,0,0,0,0,0,0,0,0,0
CC,Coach-4,70,0,0,0,0,0,0,0,0,0,0
CC,Coach-4,71,0,0,0,0,0,0,0,0,0,0
CC,Coach-4,72,0,0,0,0,0,0,0,0,0,0
CC,Coach-4,73,0,0,0,0,0,0,0,0,0,0
CC,Coach-4,74,0,0,0,0,0,0,0,0,0,0
CC,Coach-4,75,0,0,0,0,0,0,0,0,0,0
CC,Coach-4,76,0,0,0,0,0,0,0,0,0,0
CC,Coach-4,77,0,0,0,0,0,0,0,0,0,0
CC,Coach-4,78,0,0,0,0,0,0,0,0,0,0
CC,Coach-4,79,0,0,0,0,0,0,0,0,0,0
CC,Coach-4,80,0,0,0,0,0,0,0,0,0,0
CC,Coach-4,81,0,0,0,0,0,0,0,0,0,0
CC,Coach-4,82,0,0,0,0,0,0,0,0,0,0
CC,Coach-4,83,0,0,0,0,0,0,0,0,0,0
CC,Coach-4,84,0,0,0,0,0,0,0,0,0,0
CC,Coach-4,85,0,0,0,0,0,0,0,0,0,0
CC,Coach-4,86,0,0,0,0,0,0,0,0,0,0
CC,Coach-4,87,0,0,0,0,0,0,0,0,0,0
CC,Coach-4,88,0,0,0,0,0,0,0,0,0,0
CC,Coach-4,89,0,0,0,0,0,0,0,0,0,0
CC,Coach-4,90,0,0,0,0,0,0,0,0,0,0
CC,Coach-4,91,0,0,0,0,0,0,0,0,0,0
CC,Coach-4,92,0,0,0,0,0,0,0,0,0,0
CC,Coach-4,93,0,0,0,0,0,0,0,0,0,0
CC,Coach-4,94,0,0,0,0,0,0,0,0,0,0
CC,Coach-4,95,0,0,0,0,0,0,0,0,0,0
CC,Coach-4,96,0,0,0,0,0,0,0,0,0,0
CC,Coach-4,97,0,0,0,0,0,0,0,0,0,0
CC,Coach-4,98,0,0,0,0,0,0,0,0,0,0
CC,Coach-4,99,0,0,0,0,0,0,0,0,0,0
CC,Coach-4,100,0,0,0,0,0,0,0,0,0,0
CC,Coach-4,101,0,0,0,0,0,0,0,0,0,0
CC,Coach-4,102,0,0,0,0,0,0,0,0,0,0
CC,Coach-4,103,0,0,0,0,0,0,0,0,0,0
CC,Coach-4,104,0,0,0,0,0,0,0,0,0,0
CC,Coach-4,105,0,0,0,0,0,0,0,0,0,0
CC,Coach-4,106,0,0,0,0,0,0,0,0,0,0
CC,Coach-4,107,0,0,0,0,0,0,0,0,0,0
CC,Coach-4,108,0,0,0,0,0,0,0,0,0,0
CC,Coach-4,109,0,0,0,0,0,0,0,0,0,0
CC,Coach-4,110,0,0,0,0,0,0,0,0,0,0
CC,Coach-4,111,0,0,0,0,0,0,0,0,0,0
CC,Coach-4,112,0,0,0,0,0,0,0,0,0,0
CC,Coach-4,113,0,0,0,0,0,0,0,0,0,0
CC,Coach-4,114,0,0,0,0,0,0,0,0,0,0
CC,Coach-4,115,0,0,0,0,0,0,0,0,0,0
CC,Coach-4,116,0,0,0,0,0,0,0,0,0,0
CC,Coach-4,117,0,0,0,0,0,0,0,0,0,0
CC,Coach-4,118,0,0,0,0,0,0,0,0,0,0
CC,Coach-4,119,0,0,0,0,0,0,0,0,0,0
CC,Coach-4,120,0,0,0,0,0,0,0,0,0,0
CC,Coach-5,1,0,0,0,0,0,0,0,0,0,0
CC,Coach-5,2,0,0,0,0,0,0,0,0,0,0
CC,Coach-5,3,0,0,0,0,0,0,0,0,0,0
CC,Coach-5,4,0,0,0,0,0,0,0,0,0,0
CC,Coach-5,5,0,0,0,0,0,0,0,0,0,0
CC,Coach-5,6,0,0,0,0,0,0,0,0,0,0
CC,Coach-5,7,0,0,0,0,0,0,0,0,0,0
CC,Coach-5,8,0,0,0,0,0,0,0,0,0,0
CC,Coach-5,9,0,0,0,0,0,0,0,0,0,0
CC,Coach-5,10,0,0,0,0,0,0,0,0,0,0
CC,Coach-5,11,0,0,0,0,0,0,0,0,0,0
CC,Coach-5,12,0,0,0,0,0,0,0,0,0,0
CC,Coach-5,13,0,0,0,0,0,0,0,0,0,0
CC,Coach-5,14,0,0,0,0,0,0,0,0,0,0
CC,Coach-5,15,0,0,0,0,0,0,0,0,0,0
CC,Coach-5,16,0,0,0,0,0,0,0,0,0,0
CC,Coach-5,17,0,0,0,0,0,0,0,0,0,0
CC,Coach-5,18,0,0,0,0,0,0,0,0,0,0
CC,Coach-5,19,0,0,0,0,0,0,0,0,0,0
CC,Coach-5,20,0,0,0,0,0,0,0,0,0,0
CC,Coach-5,21,0,0,0,0,0,0,0,0,0,0
CC,Coach-5,22,0,0,0,0,0,0,0,0,0,0
CC,Coach-5,23,0,0,0,0,0,0,0,0,0,0
CC,Coach-5,24,0,0,0,0,0,0,0,0,0,0
CC,Coach-5,25,0,0,0,0,0,0,0,0,0,0
CC,Coach-5,26,0,0,0,0,0,0,0,0,0,0
CC,Coach-5,27,0,0,0,0,0,0,0,0,0,0
CC,Coach-5,28,0,0,0,0,0,0,0,0,0,0
CC,Coach-5,29,0,0,0,0,0,0,0,0,0,0
CC,Coach-5,30,0,0,0,0,0,0,0,0,0,0
CC,Coach-5,31,0,0,0,0,0,0,0,0,0,0
CC,Coach-5,32,0,0,0,0,0,0,0,0,0,0
CC,Coach-5,33,0,0,0,0,0,0,0,0,0,0
CC,Coach-5,34,0,0,0,0,0,0,0,0,0,0
CC,Coach-5,35,0,0,0,0,0,0,0,0,0,0
CC,Coach-5,36,0,0,0,0,0,0,0,0,0,0
CC,Coach-5,37,0,0,0,0,0,0,0,0,0,0
CC,Coach-5,38,0,0,0,0,0,0,0,0,0,0
CC,Coach-5,39,0,0,0,0,0,0,0,0,0,0
CC,Coach-5,40,0,0,0,0,0,0,0,0,0,0
CC,Coach-5,41,0,0,0,0,0,0,0,0,0,0
CC,Coach-5,42,0,0,0,0,0,0,0,0,0,0
CC,Coach-5,43,0,0,0,0,0,0,0,0,0,0
CC,Coach-5,44,0,0,0,0,0,0,0,0,0,0
CC,Coach-5,45,0,0,0,0,0,0,0,0,0,0
CC,Coach-5,46,0,0,0,0,0,0,0,0,0,0
CC,Coach-5,47,0,0,0,0,0,0,0,0,0,0
CC,Coach-5,48,0,0,0,0,0,0,0,0,0,0
CC,Coach-5,49,0,0,0,0,0,0,0,0,0,0
CC,Coach-5,50,0,0,0,0,0,0,0,0,0,0
CC,Coach-5,51,0,0,0,0,0,0,0,0,0,0
CC,Coach-5,52,0,0,0,0,0,0,0,0,0,0
CC,Coach-5,53,0,0,0,0,0,0,0,0,0,0
CC,Coach-5,54,0,0,0,0,0,0,0,0,0,0
CC,Coach-5,55,0,0,0,0,0,0,0,0,0,0
CC,Coach-5,56,0,0,0,0,0,0,0,0,0,0
CC,Coach-5,57,0,0,0,0,0,0,0,0,0,0
CC,Coach-5,58,0,0,0,0,0,0,0,0,0,0
CC,Coach-5,59,0,0,0,0,0,0,0,0,0,0
CC,Coach-5,60,0,0,0,0,0,0,0,0,0,0
CC,Coach-5,61,0,0,0,0,0,0,0,0,0,0
CC,Coach-5,62,0,0,0,0,0,0,0,0,0,0
CC,Coach-5,63,0,0,0,0,0,0,0,0,0,0
CC,Coach-5,64,0,0,0,0,0,0,0,0,0,0
CC,Coach-5,65,0,0,0,0,0,0,0,0,0,0
CC,Coach-5,66,0,0,0,0,0,0,0,0,0,0
CC,Coach-5,67,0,0,0,0,0,0,0,0,0,0
CC,Coach-5,68,0,0,0,0,0,0,0,0,0,0
CC,Coach-5,69,0,0,0,0,0,0,0,0,0,0
CC,Coach-5,70,0,0,0,0,0,0,0,0,0,0
CC,Coach-5,71,0,0,0,0,0,0,0,0,0,0
CC,Coach-5,72,0,0,0,0,0,0,0,0,0,0
CC,Coach-5,73,0,0,0,0,0,0,0,0,0,0
CC,Coach-5,74,0,0,0,0,0,0,0,0,0,0
CC,Coach-5,75,0,0,0,0,0,0,0,0,0,0
CC,Coach-5,76,0,0,0,0,0,0,0,0,0,0
CC,Coach-5,77,0,0,0,0,0,0,0,0,0,0
CC,Coach-5,78,0,0,0,0,0,0,0,0,0,0
CC,Coach-5,79,0,0,0,0,0,0,0,0,0,0
CC,Coach-5,80,0,0,0,0,0,0,0,0,0,0
CC,Coach-5,81,0,0,0,0,0,0,0,0,0,0
CC,Coach-5,82,0,0,0,0,0,0,0,0,0,0
CC,Coach-5,83,0,0,0,0,0,0,0,0,0,0
CC,Coach-5,84,0,0,0,0,0,0,0,0,0,0
CC,Coach-5,85,0,0,0,0,0,0,0,0,0,0
CC,Coach-5,86,0,0,0,0,0,0,0,0,0,0
CC,Coach-5,87,0,0,0,0,0,0,0,0,0,0
CC,Coach-5,88,0,0,0,0,0,0,0,0,0,0
CC,Coach-5,89,0,0,0,0,0,0,0,0,0,0
CC,Coach-5,90,0,0,0,0,0,0,0,0,0,0
CC,Coach-5,91,0,0,0,0,0,0,0,0,0,0
CC,Coach-5,92,0,0,0,0,0,0,0,0,0,0
CC,Coach-5,93,0,0,0,0,0,0,0,0,0,0
CC,Coach-5,94,0,0,0,0,0,0,0,0,0,0
CC,Coach-5,95,0,0,0,0,0,0,0,0,0,0
CC,Coach-5,96,0,0,0,0,0,0,0,0,0,0
CC,Coach-5,97,0,0,0,0,0,0,0,0,0,0
CC,Coach-5,98,0,0,0,0,0,0,0,0,0,0
CC,Coach-5,99,0,0,0,0,0,0,0,0,0,0
CC,Coach-5,100,0,0,0,0,0,0,0,0,0,0
CC,Coach-5,101,0,0,0,0,0,0,0,0,0,0
CC,Coach-5,102,0,0,0,0,0,0,0,0,0,0
CC,Coach-5,103,0,0,0,0,0,0,0,0,0,0
CC,Coach-5,104,0,0,0,0,0,0,0,0,0,0
CC,Coach-5,105,0,0,0,0,0,0,0,0,0,0
CC,Coach-5,106,0,0,0,0,0,0,0,0,0,0
CC,Coach-5,107,0,0,0,0,0,0,0,0,0,0
CC,Coach-5,108,0,0,0,0,0,0,0,0,0,0
CC,Coach-5,109,0,0,0,0,0,0,0,0,0,0
CC,Coach-5,110,0,0,0,0,0,0,0,0,0,0
CC,Coach-5,111,0,0,0,0,0,0,0,0,0,0
CC,Coach-5,112,0,0,0,0,0,0,0,0,0,0
CC,Coach-5,113,0,0,0,0,0,0,0,0,0,0
CC,Coach-5,114,0,0,0,0,0,0,0,0,0,0
CC,Coach-5,115,0,0,0,0,0,0,0,0,0,0
CC,Coach-5,116,0,0,0,0,0,0,0,0,0,0
CC,Coach-5,117,0,0,0,0,0,0,0,0,0,0
CC,Coach-5,118,0,0,0,0,0,0,0,0,0,0
CC,Coach-5,119,0,0,0,0,0,0,0,0,0,0
CC,Coach-5,120,0,0,0,0,0,0,0,0,0,0
CC,Coach-6,1,0,0,0,0,0,0,0,0,0,0
CC,Coach-6,2,0,0,0,0,0,0,0,0,0,0
CC,Coach-6,3,0,0,0,0,0,0,0,0,0,0
CC,Coach-6,4,0,0,0,0,0,0,0,0,0,0
CC,Coach-6,5,0,0,0,0,0,0,0,0,0,0
CC,Coach-6,6,0,0,0,0,0,0,0,0,0,0
CC,Coach-6,7,0,0,0,0,0,0,0,0,0,0
CC,Coach-6,8,0,0,0,0,0,0,0,0,0,0
CC,Coach-6,9,0,0,0,0,0,0,0,0,0,0
CC,Coach-6,10,0,0,0,0,0,0,0,0,0,0
CC,Coach-6,11,0,0,0,0,0,0,0,0,0,0
CC,Coach-6,12,0,0,0,0,0,0,0,0,0,0
CC,Coach-6,13,0,0,0,0,0,0,0,0,0,0
CC,Coach-6,14,0,0,0,0,0,0,0,0,0,0
CC,Coach-6,15,0,0,0,0,0,0,0,0,0,0
CC,Coach-6,16,0,0,0,0,0,0,0,0,0,0
CC,Coach-6,17,0,0,0,0,0,0,0,0,0,0
CC,Coach-6,18,0,0,0,0,0,0,0,0,0,0
CC,Coach-6,19,0,0,0,0,0,0,0,0,0,0
CC,Coach-6,20,0,0,0,0,0,0,0,0,0,0
CC,Coach-6,21,0,0,0,0,0,0,0,0,0,0
CC,Coach-6,22,0,0,0,0,0,0,0,0,0,0
CC,Coach-6,23,0,0,0,0,0,0,0,0,0,0
CC,Coach-6,24,0,0,0,0,0,0,0,0,0,0
CC,Coach-6,25,0,0,0,0,0,0,0,0,0,0
CC,Coach-6,26,0,0,0,0,0,0,0,0,0,0
CC,Coach-6,27,0,0,0,0,0,0,0,0,0,0
CC,Coach-6,28,0,0,0,0,0,0,0,0,0,0
CC,Coach-6,29,0,0,0,0,0,0,0,0,0,0
CC,Coach-6,30,0,0,0,0,0,0,0,0,0,0
CC,Coach-6,31,0,0,0,0,0,0,0,0,0,0
CC,Coach-6,32,0,0,0,0,0,0,0,0,0,0
CC,Coach-6,33,0,0,0,0,0,0,0,0,0,0
CC,Coach-6,34,0,0,0,0,0,0,0,0,0,0
CC,Coach-6,35,0,0,0,0,0,0,0,0,0,0
CC,Coach-6,36,0,0,0,0,0,0,0,0,0,0
CC,Coach-6,37,0,0,0,0,0,0,0,0,0,0
CC,Coach-6,38,0,0,0,0,0,0,0,0,0,0
CC,Coach-6,39,0,0,0,0,0,0,0,0,0,0
CC,Coach-6,40,0,0,0,0,0,0,0,0,0,0
CC,Coach-6,41,0,0,0,0,0,0,0,0,0,0
CC,Coach-6,42,0,0,0,0,0,0,0,0,0,0
CC,Coach-6,43,0,0,0,0,0,0,0,0,0,0
CC,Coach-6,44,0,0,0,0,0,0,0,0,0,0
CC,Coach-6,45,0,0,0,0,0,0,0,0,0,0
CC,Coach-6,46,0,0,0,0,0,0,0,0,0,0
CC,Coach-6,47,0,0,0,0,0,0,0,0,0,0
CC,Coach-6,48,0,0,0,0,0,0,0,0,0,0
CC,Coach-6,49,0,0,0,0,0,0,0,0,0,0
CC,Coach-6,50,0,0,0,0,0,0,0,0,0,0
CC,Coach-6,51,0,0,0,0,0,0,0,0,0,0
CC,Coach-6,52,0,0,0,0,0,0,0,0,0,0
CC,Coach-6,53,0,0,0,0,0,0,0,0,0,0
CC,Coach-6,54,0,0,0,0,0,0,0,0,0,0
CC,Coach-6,55,0,0,0,0,0,0,0,0,0,0
CC,Coach-6,56,0,0,0,0,0,0,0,0,0,0
CC,Coach-6,57,0,0,0,0,0,0,0,0,0,0
CC,Coach-6,58,0,0,0,0,0,0,0,0,0,0
CC,Coach-6,59,0,0,0,0,0,0,0,0,0,0
CC,Coach-6,60,0,0,0,0,0,0,0,0,0,0
CC,Coach-6,61,0,0,0,0,0,0,0,0,0,0
CC,Coach-6,62,0,0,0,0,0,0,0,0,0,0
CC,Coach-6,63,0,0,0,0,0,0,0,0,0,0
CC,Coach-6,64,0,0,0,0,0,0,0,0,0,0
CC,Coach-6,65,0,0,0,0,0,0,0,0,0,0
CC,Coach-6,66,0,0,0,0,0,0,0,0,0,0
CC,Coach-6,67,0,0,0,0,0,0,0,0,0,0
CC,Coach-6,68,0,0,0,0,0,0,0,0,0,0
CC,Coach-6,69,0,0,0,0,0,0,0,0,0,0
CC,Coach-6,70,0,0,0,0,0,0,0,0,0,0
CC,Coach-6,71,0,0,0,0,0,0,0,0,0,0
CC,Coach-6,72,0,0,0,0,0,0,0,0,0,0
CC,Coach-6,73,0,0,0,0,0,0,0,0,0,0
CC,Coach-6,74,0,0,0,0,0,0,0,0,0,0
CC,Coach-6,75,0,0,0,0,0,0,0,0,0,0
CC,Coach-6,76,0,0,0,0,0,0,0,0,0,0
CC,Coach-6,77,0,0,0,0,0,0,0,0,0,0
CC,Coach-6,78,0,0,0,0,0,0,0,0,0,0
CC,Coach-6,79,0,0,0,0,0,0,0,0,0,0
CC,Coach-6,80,0,0,0,0,0,0,0,0,0,0
CC,Coach-6,81,0,0,0,0,0,0,0,0,0,0
CC,Coach-6,82,0,0,0,0,0,0,0,0,0,0
CC,Coach-6,83,0,0,0,0,0,0,0,0,0,0
CC,Coach-6,84,0,0,0,0,0,0,0,0,0,0
CC,Coach-6,85,0,0,0,0,0,0,0,0,0,0
CC,Coach-6,86,0,0,0,0,0,0,0,0,0,0
CC,Coach-6,87,0,0,0,0,0,0,0,0,0,0
CC,Coach-6,88,0,0,0,0,0,0,0,0,0,0
CC,Coach-6,89,0,0,0,0,0,0,0,0,0,0
CC,Coach-6,90,0,0,0,0,0,0,0,0,0,0
CC,Coach-6,91,0,0,0,0,0,0,0,0,0,0
CC,Coach-6,92,0,0,0,0,0,0,0,0,0,0
CC,Coach-6,93,0,0,0,0,0,0,0,0,0,0
CC,Coach-6,94,0,0,0,0,0,0,0,0,0,0
CC,Coach-6,95,0,0,0,0,0,0,0,0,0,0
CC,Coach-6,96,0,0,0,0,0,0,0,0,0,0
CC,Coach-6,97,0,0,0,0,0,0,0,0,0,0
CC,Coach-6,98,0,0,0,0,0,0,0,0,0,0
CC,Coach-6,99,0,0,0,0,0,0,0,0,0,0
CC,Coach-6,100,0,0,0,0,0,0,0,0,0,0
CC,Coach-6,101,0,0,0,0,0,0,0,0,0,0
CC,Coach-6,102,0,0,0,0,0,0,0,0,0,0
CC,Coach-6,103,0,0,0,0,0,0,0,0,0,0
CC,Coach-6,104,0,0,0,0,0,0,0,0,0,0
CC,Coach-6,105,0,0,0,0,0,0,0,0,0,0
CC,Coach-6,106,0,0,0,0,0,0,0,0,0,0
CC,Coach-6,107,0,0,0,0,0,0,0,0,0,0
CC,Coach-6,108,0,0,0,0,0,0,0,0,0,0
CC,Coach-6,109,0,0,0,0,0,0,0,0,0,0
CC,Coach-6,110,0,0,0,0,0,0,0,0,0,0
CC,Coach-6,111,0,0,0,0,0,0,0,0,0,0
CC,Coach-6,112,0,0,0,0,0,0,0,0,0,0
CC,Coach-6,113,0,0,0,0,0,0,0,0,0,0
CC,Coach-6,114,0,0,0,0,0,0,0,0,0,0
CC,Coach-6,115,0,0,0,0,0,0,0,0,0,0
CC,Coach-6,116,0,0,0,0,0,0,0,0,0,0
CC,Coach-6,117,0,0,0,0,0,0,0,0,0,0
CC,Coach-6,118,0,0,0,0,0,0,0,0,0,0
CC,Coach-6,119,0,0,0,0,0,0,0,0,0,0
CC,Coach-6,120,0,0,0,0,0,0,0,0,0,0
CC,Coach-7,1,0,0,0,0,0,0,0,0,0,0
CC,Coach-7,2,0,0,0,0,0,0,0,0,0,0
CC,Coach-7,3,0,0,0,0,0,0,0,0,0,0
CC,Coach-7,4,0,0,0,0,0,0,0,0,0,0
CC,Coach-7,5,0,0,0,0,0,0,0,0,0,0
CC,Coach-7,6,0,0,0,0,0,0,0,0,0,0
CC,Coach-7,7,0,0,0,0,0,0,0,0,0,0
CC,Coach-7,8,0,0,0,0,0,0,0,0,0,0
CC,Coach-7,9,0,0,0,0,0,0,0,0,0,0
CC,Coach-7,10,0,0,0,0,0,0,0,0,0,0
CC,Coach-7,11,0,0,0,0,0,0,0,0,0,0
CC,Coach-7,12,0,0,0,0,0,0,0,0,0,0
CC,Coach-7,13,0,0,0,0,0,0,0,0,0,0
CC,Coach-7,14,0,0,0,0,0,0,0,0,0,0
CC,Coach-7,15,0,0,0,0,0,0,0,0,0,0
CC,Coach-7,16,0,0,0,0,0,0,0,0,0,0
CC,Coach-7,17,0,0,0,0,0,0,0,0,0,0
CC,Coach-7,18,0,0,0,0,0,0,0,0,0,0
CC,Coach-7,19,0,0,0,0,0,0,0,0,0,0
CC,Coach-7,20,0,0,0,0,0,0,0,0,0,0
CC,Coach-7,21,0,0,0,0,0,0,0,0,0,0
CC,Coach-7,22,0,0,0,0,0,0,0,0,0,0
CC,Coach-7,23,0,0,0,0,0,0,0,0,0,0
CC,Coach-7,24,0,0,0,0,0,0,0,0,0,0
CC,Coach-7,25,0,0,0,0,0,0,0,0,0,0
CC,Coach-7,26,0,0,0,0,0,0,0,0,0,0
CC,Coach-7,27,0,0,0,0,0,0,0,0,0,0
CC,Coach-7,28,0,0,0,0,0,0,0,0,0,0
CC,Coach-7,29,0,0,0,0,0,0,0,0,0,0
CC,Coach-7,30,0,0,0,0,0,0,0,0,0,0
CC,Coach-7,31,0,0,0,0,0,0,0,0,0,0
CC,Coach-7,32,0,0,0,0,0,0,0,0,0,0
CC,Coach-7,33,0,0,0,0,0,0,0,0,0,0
CC,Coach-7,34,0,0,0,0,0,0,0,0,0,0
CC,Coach-7,35,0,0,0,0,0,0,0,0,0,0
CC,Coach-7,36,0,0,0,0,0,0,0,0,0,0
CC,Coach-7,37,0,0,0,0,0,0,0,0,0,0
CC,Coach-7,38,0,0,0,0,0,0,0,0,0,0
CC,Coach-7,39,0,0,0,0,0,0,0,0,0,0
CC,Coach-7,40,0,0,0,0,0,0,0,0,0,0
CC,Coach-7,41,0,0,0,0,0,0,0,0,0,0
CC,Coach-7,42,0,0,0,0,0,0,0,0,0,0
CC,Coach-7,43,0,0,0,0,0,0,0,0,0,0
CC,Coach-7,44,0,0,0,0,0,0,0,0,0,0
CC,Coach-7,45,0,0,0,0,0,0,0,0,0,0
CC,Coach-7,46,0,0,0,0,0,0,0,0,0,0
CC,Coach-7,47,0,0,0,0,0,0,0,0,0,0
CC,Coach-7,48,0,0,0,0,0,0,0,0,0,0
CC,Coach-7,49,0,0,0,0,0,0,0,0,0,0
CC,Coach-7,50,0,0,0,0,0,0,0,0,0,0
CC,Coach-7,51,0,0,0,0,0,0,0,0,0,0
CC,Coach-7,52,0,0,0,0,0,0,0,0,0,0
CC,Coach-7,53,0,0,0,0,0,0,0,0,0,0
CC,Coach-7,54,0,0,0,0,0,0,0,0,0,0
CC,Coach-7,55,0,0,0,0,0,0,0,0,0,0
CC,Coach-7,56,0,0,0,0,0,0,0,0,0,0
CC,Coach-7,57,0,0,0,0,0,0,0,0,0,0
CC,Coach-7,58,0,0,0,0,0,0,0,0,0,0
CC,Coach-7,59,0,0,0,0,0,0,0,0,0,0
CC,Coach-7,60,0,0,0,0,0,0,0,0,0,0
CC,Coach-7,61,0,0,0,0,0,0,0,0,0,0
CC,Coach-7,62,0,0,0,0,0,0,0,0,0,0
CC,Coach-7,63,0,0,0,0,0,0,0,0,0,0
CC,Coach-7,64,0,0,0,0,0,0,0,0,0,0
CC,Coach-7,65,0,0,0,0,0,0,0,0,0,0
CC,Coach-7,66,0,0,0,0,0,0,0,0,0,0
CC,Coach-7,67,0,0,0,0,0,0,0,0,0,0
CC,Coach-7,68,0,0,0,0,0,0,0,0,0,0
CC,Coach-7,69,0,0,0,0,0,0,0,0,0,0
CC,Coach-7,70,0,0,0,0,0,0,0,0,0,0
CC,Coach-7,71,0,0,0,0,0,0,0,0,0,0
CC,Coach-7,72,0,0,0,0,0,0,0,0,0,0
CC,Coach-7,73,0,0,0,0,0,0,0,0,0,0
CC,Coach-7,74,0,0,0,0,0,0,0,0,0,0
CC,Coach-7,75,0,0,0,0,0,0,0,0,0,0
CC,Coach-7,76,0,0,0,0,0,0,0,0,0,0
CC,Coach-7,77,0,0,0,0,0,0,0,0,0,0
CC,Coach-7,78,0,0,0,0,0,0,0,0,0,0
CC,Coach-7,79,0,0,0,0,0,0,0,0,0,0
CC,Coach-7,80,0,0,0,0,0,0,0,0,0,0
CC,Coach-7,81,0,0,0,0,0,0,0,0,0,0
CC,Coach-7,82,0,0,0,0,0,0,0,0,0,0
CC,Coach-7,83,0,0,0,0,0,0,0,0,0,0
CC,Coach-7,84,0,0,0,0,0,0,0,0,0,0
CC,Coach-7,85,0,0,0,0,0,0,0,0,0,0
CC,Coach-7,86,0,0,0,0,0,0,0,0,0,0
CC,Coach-7,87,0,0,0,0,0,0,0,0,0,0
CC,Coach-7,88,0,0,0,0,0,0,0,0,0,0
CC,Coach-7,89,0,0,0,0,0,0,0,0,0,0
CC,Coach-7,90,0,0,0,0,0,0,0,0,0,0
CC,Coach-7,91,0,0,0,0,0,0,0,0,0,0
CC,Coach-7,92,0,0,0,0,0,0,0,0,0,0
CC,Coach-7,93,0,0,0,0,0,0,0,0,0,0
CC,Coach-7,94,0,0,0,0,0,0,0,0,0,0
CC,Coach-7,95,0,0,0,0,0,0,0,0,0,0
CC,Coach-7,96,0,0,0,0,0,0,0,0,0,0
CC,Coach-7,97,0,0,0,0,0,0,0,0,0,0
CC,Coach-7,98,0,0,0,0,0,0,0,0,0,0
CC,Coach-7,99,0,0,0,0,0,0,0,0,0,0
CC,Coach-7,100,0,0,0,0,0,0,0,0,0,0
CC,Coach-7,101,0,0,0,0,0,0,0,0,0,0
CC,Coach-7,102,0,0,0,0,0,0,0,0,0,0
CC,Coach-7,103,0,0,0,0,0,0,0,0,0,0
CC,Coach-7,104,0,0,0,0,0,0,0,0,0,0
CC,Coach-7,105,0,0,0,0,0,0,0,0,0,0
CC,Coach-7,106,0,0,0,0,0,0,0,0,0,0
CC,Coach-7,107,0,0,0,0,0,0,0,0,0,0
CC,Coach-7,108,0,0,0,0,0,0,0,0,0,0
CC,Coach-7,109,0,0,0,0,0,0,0,0,0,0
CC,Coach-7,110,0,0,0,0,0,0,0,0,0,0
CC,Coach-7,111,0,0,0,0,0,0,0,0,0,0
CC,Coach-7,112,0,0,0,0,0,0,0,0,0,0
CC,Coach-7,113,0,0,0,0,0,0,0,0,0,0
CC,Coach-7,114,0,0,0,0,0,0,0,0,0,0
CC,Coach-7,115,0,0,0,0,0,0,0,0,0,0
CC,Coach-7,116,0,0,0,0,0,0,0,0,0,0
CC,Coach-7,117,0,0,0,0,0,0,0,0,0,0
CC,Coach-7,118,0,0,0,0,0,0,0,0,0,0
CC,Coach-7,119,0,0,0,0,0,0,0,0,0,0
CC,Coach-7,120,0,0,0,0,0,0,0,0,0,0
