Coach Type,Coach No,Seat No,Nagercoil-in,Tirunelveli-out,Tirunelveli-in,Madurai-out,Madurai-in,Dindigul-out,Dindigul-in,Erode-out,Erode-in,Coimbatore-out
1AC,Coach-1,1,0,0,0,0,0,0,0,0,0,0
1AC,Coach-1,2,0,0,0,0,0,0,0,0,0,0
1AC,Coach-1,3,0,0,0,0,0,0,0,0,0,0
1AC,Coach-1,4,0,0,0,0,0,0,0,0,0,0
1AC,Coach-1,5,0,0,0,0,0,0,0,0,0,0
1AC,Coach-1,6,0,0,0,0,0,0,0,0,0,0
1AC,Coach-1,7,0,0,0,0,0,0,0,0,0,0
1AC,Coach-1,8,0,0,0,0,0,0,0,0,0,0
1AC,Coach-1,9,0,0,0,0,0,0,0,0,0,0
1AC,Coach-1,10,0,0,0,0,0,0,0,0,0,0
1AC,Coach-1,11,0,0,0,0,0,0,0,0,0,0
1AC,Coach-1,12,0,0,0,0,0,0,0,0,0,0
1AC,Coach-1,13,0,0,0,0,0,0,0,0,0,0
1AC,Coach-1,14,0,0,0,0,0,0,0,0,0,0
1AC,Coach-1,15,0,0,0,0,0,0,0,0,0,0
1AC,Coach-1,16,0,0,0,0,0,0,0,0,0,0
2AC,Coach-1,1,0,0,0,0,0,0,0,0,0,0
2AC,Coach-1,2,0,0,0,0,0,0,0,0,0,0
2AC,Coach-1,3,0,0,0,0,0,0,0,0,0,0
2AC,Coach-1,4,0,0,0,0,0,0,0,0,0,0
2AC,Coach-1,5,0,0,0,0,0,0,0,0,0,0
2AC,Coach-1,6,0,0,0,0,0,0,0,0,0,0
2AC,Coach-1,7,0,0,0,0,0,0,0,0,0,0
2AC,Coach-1,8,0,0,0,0,0,0,0,0,0,0
2AC,Coach-1,9,0,0,0,0,0,0,0,0,0,0
2AC,Coach-1,10,0,0,0,0,0,0,0,0,0,0
2AC,Coach-1,11,0,0,0,0,0,0,0,0,0,0
2AC,Coach-1,12,0,0,0,0,0,0,0,0,0,0
2AC,Coach-1,13,0,0,0,0,0,0,0,0,0,0
2AC,Coach-1,14,0,0,0,0,0,0,0,0,0,0
2AC,Coach-1,15,0,0,0,0,0,0,0,0,0,0
2AC,Coach-1,16,0,0,0,0,0,0,0,0,0,0
2AC,Coach-1,17,0,0,0,0,0,0,0,0,0,0
2AC,Coach-1,18,0,0,0,0,0,0,0,0,0,0
2AC,Coach-1,19,0,0,0,0,0,0,0,0,0,0
2AC,Coach-1,20,0,0,0,0,0,0,0,0,0,0
2AC,Coach-1,21,0,0,0,0,0,0,0,0,0,0
2AC,Coach-1,22,0,0,0,0,0,0,0,0,0,0
2AC,Coach-1,23,0,0,0,0,0,0,0,0,0,0
2AC,Coach-1,24,0,0,0,0,0,0,0,0,0,0
2AC,Coach-1,25,0,0,0,0,0,0,0,0,0,0
2AC,Coach-1,26,0,0,0,0,0,0,0,0,0,0
2AC,Coach-1,27,0,0,0,0,0,0,0,0,0,0
2AC,Coach-1,28,0,0,0,0,0,0,0,0,0,0
2AC,Coach-1,29,0,0,0,0,0,0,0,0,0,0
2AC,Coach-1,30,0,0,0,0,0,0,0,0,0,0
2AC,Coach-1,31,0,0,0,0,0,0,0,0,0,0
2AC,Coach-1,32,0,0,0,0,0,0,0,0,0,0
2AC,Coach-2,1,0,0,0,0,0,0,0,0,0,0
2AC,Coach-2,2,0,0,0,0,0,0,0,0,0,0
2AC,Coach-2,3,0,0,0,0,0,0,0,0,0,0
2AC,Coach-2,4,0,0,0,0,0,0,0,0,0,0
2AC,Coach-2,5,0,0,0,0,0,0,0,0,0,0
2AC,Coach-2,6,0,0,0,0,0,0,0,0,0,0
2AC,Coach-2,7,0,0,0,0,0,0,0,0,0,0
2AC,Coach-2,8,0,0,0,0,0,0,0,0,0,0
2AC,Coach-2,9,0,0,0,0,0,0,0,0,0,0
2AC,Coach-2,10,0,0,0,0,0,0,0,0,0,0
2AC,Coach-2,11,0,0,0,0,0,0,0,0,0,0
2AC,Coach-2,12,0,0,0,0,0,0,0,0,0,0
2AC,Coach-2,13,0,0,0,0,0,0,0,0,0,0
2AC,Coach-2,14,0,0,0,0,0,0,0,0,0,0
2AC,Coach-2,15,0,0,0,0,0,0,0,0,0,0
2AC,Coach-2,16,0,0,0,0,0,0,0,0,0,0
2AC,Coach-2,17,0,0,0,0,0,0,0,0,0,0
2AC,Coach-2,18,0,0,0,0,0,0,0,0,0,0
2AC,Coach-2,19,0,0,0,0,0,0,0,0,0,0
2AC,Coach-2,20,0,0,0,0,0,0,0,0,0,0
2AC,Coach-2,21,0,0,0,0,0,0,0,0,0,0
2AC,Coach-2,22,0,0,0,0,0,0,0,0,0,0
2AC,Coach-2,23,0,0,0,0,0,0,0,0,0,0
2AC,Coach-2,24,0,0,0,0,0,0,0,0,0,0
2AC,Coach-2,25,0,0,0,0,0,0,0,0,0,0
2AC,Coach-2,26,0,0,0,0,0,0,0,0,0,0
2AC,Coach-2,27,0,0,0,0,0,0,0,0,0,0
2AC,Coach-2,28,0,0,0,0,0,0,0,0,0,0
2AC,Coach-2,29,0,0,0,0,0,0,0,0,0,0
2AC,Coach-2,30,0,0,0,0,0,0,0,0,0,0
2AC,Coach-2,31,0,0,0,0,0,0,0,0,0,0
2AC,Coach-2,32,0,0,0,0,0,0,0,0,0,0
2AC,Coach-3,1,0,0,0,0,0,0,0,0,0,0
2AC,Coach-3,2,0,0,0,0,0,0,0,0,0,0
2AC,Coach-3,3,0,0,0,0,0,0,0,0,0,0
2AC,Coach-3,4,0,0,0,0,0,0,0,0,0,0
2AC,Coach-3,5,0,0,0,0,0,0,0,0,0,0
2AC,Coach-3,6,0,0,0,0,0,0,0,0,0,0
2AC,Coach-3,7,0,0,0,0,0,0,0,0,0,0
2AC,Coach-3,8,0,0,0,0,0,0,0,0,0,0
2AC,Coach-3,9,0,0,0,0,0,0,0,0,0,0
2AC,Coach-3,10,0,0,0,0,0,0,0,0,0,0
2AC,Coach-3,11,0,0,0,0,0,0,0,0,0,0
2AC,Coach-3,12,0,0,0,0,0,0,0,0,0,0
2AC,Coach-3,13,0,0,0,0,0,0,0,0,0,0
2AC,Coach-3,14,0,0,0,0,0,0,0,0,0,0
2AC,Coach-3,15,0,0,0,0,0,0,0,0,0,0
2AC,Coach-3,16,0,0,0,0,0,0,0,0,0,0
2AC,Coach-3,17,0,0,0,0,0,0,0,0,0,0
2AC,Coach-3,18,0,0,0,0,0,0,0,0,0,0
2AC,Coach-3,19,0,0,0,0,0,0,0,0,0,0
2AC,Coach-3,20,0,0,0,0,0,0,0,0,0,0
2AC,Coach-3,21,0,0,0,0,0,0,0,0,0,0
2AC,Coach-3,22,0,0,0,0,0,0,0,0,0,0
2AC,Coach-3,23,0,0,0,0,0,0,0,0,0,0
2AC,Coach-3,24,0,0,0,0,0,0,0,0,0,0
2AC,Coach-3,25,0,0,0,0,0,0,0,0,0,0
2AC,Coach-3,26,0,0,0,0,0,0,0,0,0,0
2AC,Coach-3,27,0,0,0,0,0,0,0,0,0,0
2AC,Coach-3,28,0,0,0,0,0,0,0,0,0,0
2AC,Coach-3,29,0,0,0,0,0,0,0,0,0,0
2AC,Coach-3,30,0,0,0,0,0,0,0,0,0,0
2AC,Coach-3,31,0,0,0,0,0,0,0,0,0,0
2AC,Coach-3,32,0,0,0,0,0,0,0,0,0,0
3AC,Coach-1,1,0,0,0,0,0,0,0,0,0,0
3AC,Coach-1,2,0,0,0,0,0,0,0,0,0,0
3AC,Coach-1,3,0,0,0,0,0,0,0,0,0,0
3AC,Coach-1,4,0,0,0,0,0,0,0,0,0,0
3AC,Coach-1,5,0,0,0,0,0,0,0,0,0,0
3AC,Coach-1,6,0,0,0,0,0,0,0,0,0,0
3AC,Coach-1,7,0,0,0,0,0,0,0,0,0,0
3AC,Coach-1,8,0,0,0,0,0,0,0,0,0,0
3AC,Coach-1,9,0,0,0,0,0,0,0,0,0,0
3AC,Coach-1,10,0,0,0,0,0,0,0,0,0,0
3AC,Coach-1,11,0,0,0,0,0,0,0,0,0,0
3AC,Coach-1,12,0,0,0,0,0,0,0,0,0,0
3AC,Coach-1,13,0,0,0,0,0,0,0,0,0,0
3AC,Coach-1,14,0,0,0,0,0,0,0,0,0,0
3AC,Coach-1,15,0,0,0,0,0,0,0,0,0,0
3AC,Coach-1,16,0,0,0,0,0,0,0,0,0,0
3AC,Coach-1,17,0,0,0,0,0,0,0,0,0,0
3AC,Coach-1,18,0,0,0,0,0,0,0,0,0,0
3AC,Coach-1,19,0,0,0,0,0,0,0,0,0,0
3AC,Coach-1,20,0,0,0,0,0,0,0,0,0,0
3AC,Coach-1,21,0,0,0,0,0,0,0,0,0,0
3AC,Coach-1,22,0,0,0,0,0,0,0,0,0,0
3AC,Coach-1,23,0,0,0,0,0,0,0,0,0,0
3AC,Coach-1,24,0,0,0,0,0,0,0,0,0,0
3AC,Coach-1,25,0,0,0,0,0,0,0,0,0,0
3AC,Coach-1,26,0,0,0,0,0,0,0,0,0,0
3AC,Coach-1,27,0,0,0,0,0,0,0,0,0,0
3AC,Coach-1,28,0,0,0,0,0,0,0,0,0,0
3AC,Coach-1,29,0,0,0,0,0,0,0,0,0,0
3AC,Coach-1,30,0,0,0,0,0,0,0,0,0,0
3AC,Coach-1,31,0,0,0,0,0,0,0,0,0,0
3AC,Coach-1,32,0,0,0,0,0,0,0,0,0,0
3AC,Coach-1,33,0,0,0,0,0,0,0,0,0,0
3AC,Coach-1,34,0,0,0,0,0,0,0,0,0,0
3AC,Coach-1,35,0,0,0,0,0,0,0,0,0,0
3AC,Coach-1,36,0,0,0,0,0,0,0,0,0,0
3AC,Coach-1,37,0,0,0,0,0,0,0,0,0,0
3AC,Coach-1,38,0,0,0,0,0,0,0,0,0,0
3AC,Coach-1,39,0,0,0,0,0,0,0,0,0,0
3AC,Coach-1,40,0,0,0,0,0,0,0,0,0,0
3AC,Coach-1,41,0,0,0,0,0,0,0,0,0,0
3AC,Coach-1,42,0,0,0,0,0,0,0,0,0,0
3AC,Coach-1,43,0,0,0,0,0,0,0,0,0,0
3AC,Coach-1,44,0,0,0,0,0,0,0,0,0,0
3AC,Coach-1,45,0,0,0,0,0,0,0,0,0,0
3AC,Coach-1,46,0,0,0,0,0,0,0,0,0,0
3AC,Coach-1,47,0,0,0,0,0,0,0,0,0,0
3AC,Coach-1,48,0,0,0,0,0,0,0,0,0,0
3AC,Coach-1,49,0,0,0,0,0,0,0,0,0,0
3AC,Coach-1,50,0,0,0,0,0,0,0,0,0,0
3AC,Coach-1,51,0,0,0,0,0,0,0,0,0,0
3AC,Coach-1,52,0,0,0,0,0,0,0,0,0,0
3AC,Coach-1,53,0,0,0,0,0,0,0,0,0,0
3AC,Coach-1,54,0,0,0,0,0,0,0,0,0,0
3AC,Coach-1,55,0,0,0,0,0,0,0,0,0,0
3AC,Coach-1,56,0,0,0,0,0,0,0,0,0,0
3AC,Coach-1,57,0,0,0,0,0,0,0,0,0,0
3AC,Coach-1,58,0,0,0,0,0,0,0,0,0,0
3AC,Coach-1,59,0,0,0,0,0,0,0,0,0,0
3AC,Coach-1,60,0,0,0,0,0,0,0,0,0,0
3AC,Coach-1,61,0,0,0,0,0,0,0,0,0,0
3AC,Coach-1,62,0,0,0,0,0,0,0,0,0,0
3AC,Coach-1,63,0,0,0,0,0,0,0,0,0,0
3AC,Coach-1,64,0,0,0,0,0,0,0,0,0,0
3AC,Coach-2,1,0,0,0,0,0,0,0,0,0,0
3AC,Coach-2,2,0,0,0,0,0,0,0,0,0,0
3AC,Coach-2,3,0,0,0,0,0,0,0,0,0,0
3AC,Coach-2,4,0,0,0,0,0,0,0,0,0,0
3AC,Coach-2,5,0,0,0,0,0,0,0,0,0,0
3AC,Coach-2,6,0,0,0,0,0,0,0,0,0,0
3AC,Coach-2,7,0,0,0,0,0,0,0,0,0,0
3AC,Coach-2,8,0,0,0,0,0,0,0,0,0,0
3AC,Coach-2,9,0,0,0,0,0,0,0,0,0,0
3AC,Coach-2,10,0,0,0,0,0,0,0,0,0,0
3AC,Coach-2,11,0,0,0,0,0,0,0,0,0,0
3AC,Coach-2,12,0,0,0,0,0,0,0,0,0,0
3AC,Coach-2,13,0,0,0,0,0,0,0,0,0,0
3AC,Coach-2,14,0,0,0,0,0,0,0,0,0,0
3AC,Coach-2,15,0,0,0,0,0,0,0,0,0,0
3AC,Coach-2,16,0,0,0,0,0,0,0,0,0,0
3AC,Coach-2,17,0,0,0,0,0,0,0,0,0,0
3AC,Coach-2,18,0,0,0,0,0,0,0,0,0,0
3AC,Coach-2,19,0,0,0,0,0,0,0,0,0,0
3AC,Coach-2,20,0,0,0,0,0,0,0,0,0,0
3AC,Coach-2,21,0,0,0,0,0,0,0,0,0,0
3AC,Coach-2,22,0,0,0,0,0,0,0,0,0,0
3AC,Coach-2,23,0,0,0,0,0,0,0,0,0,0
3AC,Coach-2,24,0,0,0,0,0,0,0,0,0,0
3AC,Coach-2,25,0,0,0,0,0,0,0,0,0,0
3AC,Coach-2,26,0,0,0,0,0,0,0,0,0,0
3AC,Coach-2,27,0,0,0,0,0,0,0,0,0,0
3AC,Coach-2,28,0,0,0,0,0,0,0,0,0,0
3AC,Coach-2,29,0,0,0,0,0,0,0,0,0,0
3AC,Coach-2,30,0,0,0,0,0,0,0,0,0,0
3AC,Coach-2,31,0,0,0,0,0,0,0,0,0,0
3AC,Coach-2,32,0,0,0,0,0,0,0,0,0,0
3AC,Coach-2,33,0,0,0,0,0,0,0,0,0,0
3AC,Coach-2,34,0,0,0,0,0,0,0,0,0,0
3AC,Coach-2,35,0,0,0,0,0,0,0,0,0,0
3AC,Coach-2,36,0,0,0,0,0,0,0,0,0,0
3AC,Coach-2,37,0,0,0,0,0,0,0,0,0,0
3AC,Coach-2,38,0,0,0,0,0,0,0,0,0,0
3AC,Coach-2,39,0,0,0,0,0,0,0,0,0,0
3AC,Coach-2,40,0,0,0,0,0,0,0,0,0,0
3AC,Coach-2,41,0,0,0,0,0,0,0,0,0,0
3AC,Coach-2,42,0,0,0,0,0,0,0,0,0,0
3AC,Coach-2,43,0,0,0,0,0,0,0,0,0,0
3AC,Coach-2,44,0,0,0,0,0,0,0,0,0,0
3AC,Coach-2,45,0,0,0,0,0,0,0,0,0,0
3AC,Coach-2,46,0,0,0,0,0,0,0,0,0,0
3AC,Coach-2,47,0,0,0,0,0,0,0,0,0,0
3AC,Coach-2,48,0,0,0,0,0,0,0,0,0,0
3AC,Coach-2,49,0,0,0,0,0,0,0,0,0,0
3AC,Coach-2,50,0,0,0,0,0,0,0,0,0,0
3AC,Coach-2,51,0,0,0,0,0,0,0,0,0,0
3AC,Coach-2,52,0,0,0,0,0,0,0,0,0,0
3AC,Coach-2,53,0,0,0,0,0,0,0,0,0,0
3AC,Coach-2,54,0,0,0,0,0,0,0,0,0,0
3AC,Coach-2,55,0,0,0,0,0,0,0,0,0,0
3AC,Coach-2,56,0,0,0,0,0,0,0,0,0,0
3AC,Coach-2,57,0,0,0,0,0,0,0,0,0,0
3AC,Coach-2,58,0,0,0,0,0,0,0,0,0,0
3AC,Coach-2,59,0,0,0,0,0,0,0,0,0,0
3AC,Coach-2,60,0,0,0,0,0,0,0,0,0,0
3AC,Coach-2,61,0,0,0,0,0,0,0,0,0,0
3AC,Coach-2,62,0,0,0,0,0,0,0,0,0,0
3AC,Coach-2,63,0,0,0,0,0,0,0,0,0,0
3AC,Coach-2,64,0,0,0,0,0,0,0,0,0,0
3AC,Coach-3,1,0,0,0,0,0,0,0,0,0,0
3AC,Coach-3,2,0,0,0,0,0,0,0,0,0,0
3AC,Coach-3,3,0,0,0,0,0,0,0,0,0,0
3AC,Coach-3,4,0,0,0,0,0,0,0,0,0,0
3AC,Coach-3,5,0,0,0,0,0,0,0,0,0,0
3AC,Coach-3,6,0,0,0,0,0,0,0,0,0,0
3AC,Coach-3,7,0,0,0,0,0,0,0,0,0,0
3AC,Coach-3,8,0,0,0,0,0,0,0,0,0,0
3AC,Coach-3,9,0,0,0,0,0,0,0,0,0,0
3AC,Coach-3,10,0,0,0,0,0,0,0,0,0,0
3AC,Coach-3,11,0,0,0,0,0,0,0,0,0,0
3AC,Coach-3,12,0,0,0,0,0,0,0,0,0,0
3AC,Coach-3,13,0,0,0,0,0,0,0,0,0,0
3AC,Coach-3,14,0,0,0,0,0,0,0,0,0,0
3AC,Coach-3,15,0,0,0,0,0,0,0,0,0,0
3AC,Coach-3,16,0,0,0,0,0,0,0,0,0,0
3AC,Coach-3,17,0,0,0,0,0,0,0,0,0,0
3AC,Coach-3,18,0,0,0,0,0,0,0,0,0,0
3AC,Coach-3,19,0,0,0,0,0,0,0,0,0,0
3AC,Coach-3,20,0,0,0,0,0,0,0,0,0,0
3AC,Coach-3,21,0,0,0,0,0,0,0,0,0,0
3AC,Coach-3,22,0,0,0,0,0,0,0,0,0,0
3AC,Coach-3,23,0,0,0,0,0,0,0,0,0,0
3AC,Coach-3,24,0,0,0,0,0,0,0,0,0,0
3AC,Coach-3,25,0,0,0,0,0,0,0,0,0,0
3AC,Coach-3,26,0,0,0,0,0,0,0,0,0,0
3AC,Coach-3,27,0,0,0,0,0,0,0,0,0,0
3AC,Coach-3,28,0,0,0,0,0,0,0,0,0,0
3AC,Coach-3,29,0,0,0,0,0,0,0,0,0,0
3AC,Coach-3,30,0,0,0,0,0,0,0,0,0,0
3AC,Coach-3,31,0,0,0,0,0,0,0,0,0,0
3AC,Coach-3,32,0,0,0,0,0,0,0,0,0,0
3AC,Coach-3,33,0,0,0,0,0,0,0,0,0,0
3AC,Coach-3,34,0,0,0,0,0,0,0,0,0,0
3AC,Coach-3,35,0,0,0,0,0,0,0,0,0,0
3AC,Coach-3,36,0,0,0,0,0,0,0,0,0,0
3AC,Coach-3,37,0,0,0,0,0,0,0,0,0,0
3AC,Coach-3,38,0,0,0,0,0,0,0,0,0,0
3AC,Coach-3,39,0,0,0,0,0,0,0,0,0,0
3AC,Coach-3,40,0,0,0,0,0,0,0,0,0,0
3AC,Coach-3,41,0,0,0,0,0,0,0,0,0,0
3AC,Coach-3,42,0,0,0,0,0,0,0,0,0,0
3AC,Coach-3,43,0,0,0,0,0,0,0,0,0,0
3AC,Coach-3,44,0,0,0,0,0,0,0,0,0,0
3AC,Coach-3,45,0,0,0,0,0,0,0,0,0,0
3AC,Coach-3,46,0,0,0,0,0,0,0,0,0,0
3AC,Coach-3,47,0,0,0,0,0,0,0,0,0,0
3AC,Coach-3,48,0,0,0,0,0,0,0,0,0,0
3AC,Coach-3,49,0,0,0,0,0,0,0,0,0,0
3AC,Coach-3,50,0,0,0,0,0,0,0,0,0,0
3AC,Coach-3,51,0,0,0,0,0,0,0,0,0,0
3AC,Coach-3,52,0,0,0,0,0,0,0,0,0,0
3AC,Coach-3,53,0,0,0,0,0,0,0,0,0,0
3AC,Coach-3,54,0,0,0,0,0,0,0,0,0,0
3AC,Coach-3,55,0,0,0,0,0,0,0,0,0,0
3AC,Coach-3,56,0,0,0,0,0,0,0,0,0,0
3AC,Coach-3,57,0,0,0,0,0,0,0,0,0,0
3AC,Coach-3,58,0,0,0,0,0,0,0,0,0,0
3AC,Coach-3,59,0,0,0,0,0,0,0,0,0,0
3AC,Coach-3,60,0,0,0,0,0,0,0,0,0,0
3AC,Coach-3,61,0,0,0,0,0,0,0,0,0,0
3AC,Coach-3,62,0,0,0,0,0,0,0,0,0,0
3AC,Coach-3,63,0,0,0,0,0,0,0,0,0,0
3AC,Coach-3,64,0,0,0,0,0,0,0,0,0,0
3AC,Coach-4,1,0,0,0,0,0,0,0,0,0,0
3AC,Coach-4,2,0,0,0,0,0,0,0,0,0,0
3AC,Coach-4,3,0,0,0,0,0,0,0,0,0,0
3AC,Coach-4,4,0,0,0,0,0,0,0,0,0,0
3AC,Coach-4,5,0,0,0,0,0,0,0,0,0,0
3AC,Coach-4,6,0,0,0,0,0,0,0,0,0,0
3AC,Coach-4,7,0,0,0,0,0,0,0,0,0,0
3AC,Coach-4,8,0,0,0,0,0,0,0,0,0,0
3AC,Coach-4,9,0,0,0,0,0,0,0,0,0,0
3AC,Coach-4,10,0,0,0,0,0,0,0,0,0,0
3AC,Coach-4,11,0,0,0,0,0,0,0,0,0,0
3AC,Coach-4,12,0,0,0,0,0,0,0,0,0,0
3AC,Coach-4,13,0,0,0,0,0,0,0,0,0,0
3AC,Coach-4,14,0,0,0,0,0,0,0,0,0,0
3AC,Coach-4,15,0,0,0,0,0,0,0,0,0,0
3AC,Coach-4,16,0,0,0,0,0,0,0,0,0,0
3AC,Coach-4,17,0,0,0,0,0,0,0,0,0,0
3AC,Coach-4,18,0,0,0,0,0,0,0,0,0,0
3AC,Coach-4,19,0,0,0,0,0,0,0,0,0,0
3AC,Coach-4,20,0,0,0,0,0,0,0,0,0,0
3AC,Coach-4,21,0,0,0,0,0,0,0,0,0,0
3AC,Coach-4,22,0,0,0,0,0,0,0,0,0,0
3AC,Coach-4,23,0,0,0,0,0,0,0,0,0,0
3AC,Coach-4,24,0,0,0,0,0,0,0,0,0,0
3AC,Coach-4,25,0,0,0,0,0,0,0,0,0,0
3AC,Coach-4,26,0,0,0,0,0,0,0,0,0,0
3AC,Coach-4,27,0,0,0,0,0,0,0,0,0,0
3AC,Coach-4,28,0,0,0,0,0,0,0,0,0,0
3AC,Coach-4,29,0,0,0,0,0,0,0,0,0,0
3AC,Coach-4,30,0,0,0,0,0,0,0,0,0,0
3AC,Coach-4,31,0,0,0,0,0,0,0,0,0,0
3AC,Coach-4,32,0,0,0,0,0,0,0,0,0,0
3AC,Coach-4,33,0,0,0,0,0,0,0,0,0,0
3AC,Coach-4,34,0,0,0,0,0,0,0,0,0,0
3AC,Coach-4,35,0,0,0,0,0,0,0,0,0,0
3AC,Coach-4,36,0,0,0,0,0,0,0,0,0,0
3AC,Coach-4,37,0,0,0,0,0,0,0,0,0,0
3AC,Coach-4,38,0,0,0,0,0,0,0,0,0,0
3AC,Coach-4,39,0,0,0,0,0,0,0,0,0,0
3AC,Coach-4,40,0,0,0,0,0,0,0,0,0,0
3AC,Coach-4,41,0,0,0,0,0,0,0,0,0,0
3AC,Coach-4,42,0,0,0,0,0,0,0,0,0,0
3AC,Coach-4,43,0,0,0,0,0,0,0,0,0,0
3AC,Coach-4,44,0,0,0,0,0,0,0,0,0,0
3AC,Coach-4,45,0,0,0,0,0,0,0,0,0,0
3AC,Coach-4,46,0,0,0,0,0,0,0,0,0,0
3AC,Coach-4,47,0,0,0,0,0,0,0,0,0,0
3AC,Coach-4,48,0,0,0,0,0,0,0,0,0,0
3AC,Coach-4,49,0,0,0,0,0,0,0,0,0,0
3AC,Coach-4,50,0,0,0,0,0,0,0,0,0,0
3AC,Coach-4,51,0,0,0,0,0,0,0,0,0,0
3AC,Coach-4,52,0,0,0,0,0,0,0,0,0,0
3AC,Coach-4,53,0,0,0,0,0,0,0,0,0,0
3AC,Coach-4,54,0,0,0,0,0,0,0,0,0,0
3AC,Coach-4,55,0,0,0,0,0,0,0,0,0,0
3AC,Coach-4,56,0,0,0,0,0,0,0,0,0,0
3AC,Coach-4,57,0,0,0,0,0,0,0,0,0,0
3AC,Coach-4,58,0,0,0,0,0,0,0,0,0,0
3AC,Coach-4,59,0,0,0,0,0,0,0,0,0,0
3AC,Coach-4,60,0,0,0,0,0,0,0,0,0,0
3AC,Coach-4,61,0,0,0,0,0,0,0,0,0,0
3AC,Coach-4,62,0,0,0,0,0,0,0,0,0,0
3AC,Coach-4,63,0,0,0,0,0,0,0,0,0,0
3AC,Coach-4,64,0,0,0,0,0,0,0,0,0,0
Sleeper,Coach-1,1,0,0,0,0,0,0,0,0,0,0
Sleeper,Coach-1,2,0,0,0,0,0,0,0,0,0,0
Sleeper,Coach-1,3,0,0,0,0,0,0,0,0,0,0
Sleeper,Coach-1,4,0,0,0,0,0,0,0,0,0,0
Sleeper,Coach-1,5,0,0,0,0,0,0,0,0,0,0
Sleeper,Coach-1,6,0,0,0,0,0,0,0,0,0,0
Sleeper,Coach-1,7,0,0,0,0,0,0,0,0,0,0
Sleeper,Coach-1,8,0,0,0,0,0,0,0,0,0,0
Sleeper,Coach-1,9,0,0,0,0,0,0,0,0,0,0
Sleeper,Coach-1,10,0,0,0,0,0,0,0,0,0,0
Sleeper,Coach-1,11,0,0,0,0,0,0,0,0,0,0
Sleeper,Coach-1,12,0,0,0,0,0,0,0,0,0,0
Sleeper,Coach-1,13,0,0,0,0,0,0,0,0,0,0
Sleeper,Coach-1,14,0,0,0,0,0,0,0,0,0,0
Sleeper,Coach-1,15,0,0,0,0,0,0,0,0,0,0
Sleeper,Coach-1,16,0,0,0,0,0,0,0,0,0,0
Sleeper,Coach-1,17,0,0,0,0,0,0,0,0,0,0
Sleeper,Coach-1,18,0,0,0,0,0,0,0,0,0,0
Sleeper,Coach-1,19,0,0,0,0,0,0,0,0,0,0
Sleeper,Coach-1,20,0,0,0,0,0,0,0,0,0,0
Sleeper,Coach-1,21,0,0,0,0,0,0,0,0,0,0
Sleeper,Coach-1,22,0,0,0,0,0,0,0,0,0,0
Sleeper,Coach-1,23,0,0,0,0,0,0,0,0,0,0
Sleeper,Coach-1,24,0,0,0,0,0,0,0,0,0,0
Sleeper,Coach-1,25,0,0,0,0,0,0,0,0,0,0
Sleeper,Coach-1,26,0,0,0,0,0,0,0,0,0,0
Sleeper,Coach-1,27,0,0,0,0,0,0,0,0,0,0
Sleeper,Coach-1,28,0,0,0,0,0,0,0,0,0,0
Sleeper,Coach-1,29,0,0,0,0,0,0,0,0,0,0
Sleeper,Coach-1,30,0,0,0,0,0,0,0,0,0,0
Sleeper,Coach-1,31,0,0,0,0,0,0,0,0,0,0
Sleeper,Coach-1,32,0,0,0,0,0,0,0,0,0,0
Sleeper,Coach-1,33,0,0,0,0,0,0,0,0,0,0
Sleeper,Coach-1,34,0,0,0,0,0,0,0,0,0,0
Sleeper,Coach-1,35,0,0,0,0,0,0,0,0,0,0
Sleeper,Coach-1,36,0,0,0,0,0,0,0,0,0,0
Sleeper,Coach-1,37,0,0,0,0,0,0,0,0,0,0
Sleeper,Coach-1,38,0,0,0,0,0,0,0,0,0,0
Sleeper,Coach-1,39,0,0,0,0,0,0,0,0,0,0
Sleeper,Coach-1,40,0,0,0,0,0,0,0,0,0,0
Sleeper,Coach-1,41,0,0,0,0,0,0,0,0,0,0
Sleeper,Coach-1,42,0,0,0,0,0,0,0,0,0,0
Sleeper,Coach-1,43,0,0,0,0,0,0,0,0,0,0
Sleeper,Coach-1,44,0,0,0,0,0,0,0,0,0,0
Sleeper,Coach-1,45,0,0,0,0,0,0,0,0,0,0
Sleeper,Coach-1,46,0,0,0,0,0,0,0,0,0,0
Sleeper,Coach-1,47,0,0,0,0,0,0,0,0,0,0
Sleeper,Coach-1,48,0,0,0,0,0,0,0,0,0,0
Sleeper,Coach-1,49,0,0,0,0,0,0,0,0,0,0
Sleeper,Coach-1,50,0,0,0,0,0,0,0,0,0,0
Sleeper,Coach-1,51,0,0,0,0,0,0,0,0,0,0
Sleeper,Coach-1,52,0,0,0,0,0,0,0,0,0,0
Sleeper,Coach-1,53,0,0,0,0,0,0,0,0,0,0
Sleeper,Coach-1,54,0,0,0,0,0,0,0,0,0,0
Sleeper,Coach-1,55,0,0,0,0,0,0,0,0,0,0
Sleeper,Coach-1,56,0,0,0,0,0,0,0,0,0,0
Sleeper,Coach-1,57,0,0,0,0,0,0,0,0,0,0
Sleeper,Coach-1,58,0,0,0,0,0,0,0,0,0,0
Sleeper,Coach-1,59,0,0,0,0,0,0,0,0,0,0
Sleeper,Coach-1,60,0,0,0,0,0,0,0,0,0,0
Sleeper,Coach-1,61,0,0,0,0,0,0,0,0,0,0
Sleeper,Coach-1,62,0,0,0,0,0,0,0,0,0,0
Sleeper,Coach-1,63,0,0,0,0,0,0,0,0,0,0
Sleeper,Coach-1,64,0,0,0,0,0,0,0,0,0,0
Sleeper,Coach-1,65,0,0,0,0,0,0,0,0,0,0
Sleeper,Coach-1,66,0,0,0,0,0,0,0,0,0,0
Sleeper,Coach-1,67,0,0,0,0,0,0,0,0,0,0
Sleeper,Coach-1,68,0,0,0,0,0,0,0,0,0,0
Sleeper,Coach-1,69,0,0,0,0,0,0,0,0,0,0
Sleeper,Coach-1,70,0,0,0,0,0,0,0,0,0,0
Sleeper,Coach-1,71,0,0,0,0,0,0,0,0,0,0
Sleeper,Coach-1,72,0,0,0,0,0,0,0,0,0,0
Sleeper,Coach-2,1,0,0,0,0,0,0,0,0,0,0
Sleeper,Coach-2,2,0,0,0,0,0,0,0,0,0,0
Sleeper,Coach-2,3,0,0,0,0,0,0,0,0,0,0
Sleeper,Coach-2,4,0,0,0,0,0,0,0,0,0,0
Sleeper,Coach-2,5,0,0,0,0,0,0,0,0,0,0
Sleeper,Coach-2,6,0,0,0,0,0,0,0,0,0,0
Sleeper,Coach-2,7,0,0,0,0,0,0,0,0,0,0
Sleeper,Coach-2,8,0,0,0,0,0,0,0,0,0,0
Sleeper,Coach-2,9,0,0,0,0,0,0,0,0,0,0
Sleeper,Coach-2,10,0,0,0,0,0,0,0,0,0,0
Sleeper,Coach-2,11,0,0,0,0,0,0,0,0,0,0
Sleeper,Coach-2,12,0,0,0,0,0,0,0,0,0,0
Sleeper,Coach-2,13,0,0,0,0,0,0,0,0,0,0
Sleeper,Coach-2,14,0,0,0,0,0,0,0,0,0,0
Sleeper,Coach-2,15,0,0,0,0,0,0,0,0,0,0
Sleeper,Coach-2,16,0,0,0,0,0,0,0,0,0,0
Sleeper,Coach-2,17,0,0,0,0,0,0,0,0,0,0
Sleeper,Coach-2,18,0,0,0,0,0,0,0,0,0,0
Sleeper,Coach-2,19,0,0,0,0,0,0,0,0,0,0
Sleeper,Coach-2,20,0,0,0,0,0,0,0,0,0,0
Sleeper,Coach-2,21,0,0,0,0,0,0,0,0,0,0
Sleeper,Coach-2,22,0,0,0,0,0,0,0,0,0,0
Sleeper,Coach-2,23,0,0,0,0,0,0,0,0,0,0
Sleeper,Coach-2,24,0,0,0,0,0,0,0,0,0,0
Sleeper,Coach-2,25,0,0,0,0,0,0,0,0,0,0
Sleeper,Coach-2,26,0,0,0,0,0,0,0,0,0,0
Sleeper,Coach-2,27,0,0,0,0,0,0,0,0,0,0
Sleeper,Coach-2,28,0,0,0,0,0,0,0,0,0,0
Sleeper,Coach-2,29,0,0,0,0,0,0,0,0,0,0
Sleeper,Coach-2,30,0,0,0,0,0,0,0,0,0,0
Sleeper,Coach-2,31,0,0,0,0,0,0,0,0,0,0
Sleeper,Coach-2,32,0,0,0,0,0,0,0,0,0,0
Sleeper,Coach-2,33,0,0,0,0,0,0,0,0,0,0
Sleeper,Coach-2,34,0,0,0,0,0,0,0,0,0,0
Sleeper,Coach-2,35,0,0,0,0,0,0,0,0,0,0
Sleeper,Coach-2,36,0,0,0,0,0,0,0,0,0,0
Sleeper,Coach-2,37,0,0,0,0,0,0,0,0,0,0
Sleeper,Coach-2,38,0,0,0,0,0,0,0,0,0,0
Sleeper,Coach-2,39,0,0,0,0,0,0,0,0,0,0
Sleeper,Coach-2,40,0,0,0,0,0,0,0,0,0,0
Sleeper,Coach-2,41,0,0,0,0,0,0,0,0,0,0
Sleeper,Coach-2,42,0,0,0,0,0,0,0,0,0,0
Sleeper,Coach-2,43,0,0,0,0,0,0,0,0,0,0
Sleeper,Coach-2,44,0,0,0,0,0,0,0,0,0,0
Sleeper,Coach-2,45,0,0,0,0,0,0,0,0,0,0
Sleeper,Coach-2,46,0,0,0,0,0,0,0,0,0,0
Sleeper,Coach-2,47,0,0,0,0,0,0,0,0,0,0
Sleeper,Coach-2,48,0,0,0,0,0,0,0,0,0,0
Sleeper,Coach-2,49,0,0,0,0,0,0,0,0,0,0
Sleeper,Coach-2,50,0,0,0,0,0,0,0,0,0,0
Sleeper,Coach-2,51,0,0,0,0,0,0,0,0,0,0
Sleeper,Coach-2,52,0,0,0,0,0,0,0,0,0,0
Sleeper,Coach-2,53,0,0,0,0,0,0,0,0,0,0
Sleeper,Coach-2,54,0,0,0,0,0,0,0,0,0,0
Sleeper,Coach-2,55,0,0,0,0,0,0,0,0,0,0
Sleeper,Coach-2,56,0,0,0,0,0,0,0,0,0,0
Sleeper,Coach-2,57,0,0,0,0,0,0,0,0,0,0
Sleeper,Coach-2,58,0,0,0,0,0,0,0,0,0,0
Sleeper,Coach-2,59,0,0,0,0,0,0,0,0,0,0
Sleeper,Coach-2,60,0,0,0,0,0,0,0,0,0,0
Sleeper,Coach-2,61,0,0,0,0,0,0,0,0,0,0
Sleeper,Coach-2,62,0,0,0,0,0,0,0,0,0,0
Sleeper,Coach-2,63,0,0,0,0,0,0,0,0,0,0
Sleeper,Coach-2,64,0,0,0,0,0,0,0,0,0,0
Sleeper,Coach-2,65,0,0,0,0,0,0,0,0,0,0
Sleeper,Coach-2,66,0,0,0,0,0,0,0,0,0,0
Sleeper,Coach-2,67,0,0,0,0,0,0,0,0,0,0
Sleeper,Coach-2,68,0,0,0,0,0,0,0,0,0,0
Sleeper,Coach-2,69,0,0,0,0,0,0,0,0,0,0
Sleeper,Coach-2,70,0,0,0,0,0,0,0,0,0,0
Sleeper,Coach-2,71,0,0,0,0,0,0,0,0,0,0
Sleeper,Coach-2,72,0,0,0,0,0,0,0,0,0,0
Sleeper,Coach-3,1,0,0,0,0,0,0,0,0,0,0
Sleeper,Coach-3,2,0,0,0,0,0,0,0,0,0,0
Sleeper,Coach-3,3,0,0,0,0,0,0,0,0,0,0
Sleeper,Coach-3,4,0,0,0,0,0,0,0,0,0,0
Sleeper,Coach-3,5,0,0,0,0,0,0,0,0,0,0
Sleeper,Coach-3,6,0,0,0,0,0,0,0,0,0,0
Sleeper,Coach-3,7,0,0,0,0,0,0,0,0,0,0
Sleeper,Coach-3,8,0,0,0,0,0,0,0,0,0,0
Sleeper,Coach-3,9,0,0,0,0,0,0,0,0,0,0
Sleeper,Coach-3,10,0,0,0,0,0,0,0,0,0,0
Sleeper,Coach-3,11,0,0,0,0,0,0,0,0,0,0
Sleeper,Coach-3,12,0,0,0,0,0,0,0,0,0,0
Sleeper,Coach-3,13,0,0,0,0,0,0,0,0,0,0
Sleeper,Coach-3,14,0,0,0,0,0,0,0,0,0,0
Sleeper,Coach-3,15,0,0,0,0,0,0,0,0,0,0
Sleeper,Coach-3,16,0,0,0,0,0,0,0,0,0,0
Sleeper,Coach-3,17,0,0,0,0,0,0,0,0,0,0
Sleeper,Coach-3,18,0,0,0,0,0,0,0,0,0,0
Sleeper,Coach-3,19,0,0,0,0,0,0,0,0,0,0
Sleeper,Coach-3,20,0,0,0,0,0,0,0,0,0,0
Sleeper,Coach-3,21,0,0,0,0,0,0,0,0,0,0
Sleeper,Coach-3,22,0,0,0,0,0,0,0,0,0,0
Sleeper,Coach-3,23,0,0,0,0,0,0,0,0,0,0
Sleeper,Coach-3,24,0,0,0,0,0,0,0,0,0,0
Sleeper,Coach-3,25,0,0,0,0,0,0,0,0,0,0
Sleeper,Coach-3,26,0,0,0,0,0,0,0,0,0,0
Sleeper,Coach-3,27,0,0,0,0,0,0,0,0,0,0
Sleeper,Coach-3,28,0,0,0,0,0,0,0,0,0,0
Sleeper,Coach-3,29,0,0,0,0,0,0,0,0,0,0
Sleeper,Coach-3,30,0,0,0,0,0,0,0,0,0,0
Sleeper,Coach-3,31,0,0,0,0,0,0,0,0,0,0
Sleeper,Coach-3,32,0,0,0,0,0,0,0,0,0,0
Sleeper,Coach-3,33,0,0,0,0,0,0,0,0,0,0
Sleeper,Coach-3,34,0,0,0,0,0,0,0,0,0,0
Sleeper,Coach-3,35,0,0,0,0,0,0,0,0,0,0
Sleeper,Coach-3,36,0,0,0,0,0,0,0,0,0,0
Sleeper,Coach-3,37,0,0,0,0,0,0,0,0,0,0
Sleeper,Coach-3,38,0,0,0,0,0,0,0,0,0,0
Sleeper,Coach-3,39,0,0,0,0,0,0,0,0,0,0
Sleeper,Coach-3,40,0,0,0,0,0,0,0,0,0,0
Sleeper,Coach-3,41,0,0,0,0,0,0,0,0,0,0
Sleeper,Coach-3,42,0,0,0,0,0,0,0,0,0,0
Sleeper,Coach-3,43,0,0,0,0,0,0,0,0,0,0
Sleeper,Coach-3,44,0,0,0,0,0,0,0,0,0,0
Sleeper,Coach-3,45,0,0,0,0,0,0,0,0,0,0
Sleeper,Coach-3,46,0,0,0,0,0,0,0,0,0,0
Sleeper,Coach-3,47,0,0,0,0,0,0,0,0,0,0
Sleeper,Coach-3,48,0,0,0,0,0,0,0,0,0,0
Sleeper,Coach-3,49,0,0,0,0,0,0,0,0,0,0
Sleeper,Coach-3,50,0,0,0,0,0,0,0,0,0,0
Sleeper,Coach-3,51,0,0,0,0,0,0,0,0,0,0
Sleeper,Coach-3,52,0,0,0,0,0,0,0,0,0,0
Sleeper,Coach-3,53,0,0,0,0,0,0,0,0,0,0
Sleeper,Coach-3,54,0,0,0,0,0,0,0,0,0,0
Sleeper,Coach-3,55,0,0,0,0,0,0,0,0,0,0
Sleeper,Coach-3,56,0,0,0,0,0,0,0,0,0,0
Sleeper,Coach-3,57,0,0,0,0,0,0,0,0,0,0
Sleeper,Coach-3,58,0,0,0,0,0,0,0,0,0,0
Sleeper,Coach-3,59,0,0,0,0,0,0,0,0,0,0
Sleeper,Coach-3,60,0,0,0,0,0,0,0,0,0,0
Sleeper,Coach-3,61,0,0,0,0,0,0,0,0,0,0
Sleeper,Coach-3,62,0,0,0,0,0,0,0,0,0,0
Sleeper,Coach-3,63,0,0,0,0,0,0,0,0,0,0
Sleeper,Coach-3,64,0,0,0,0,0,0,0,0,0,0
Sleeper,Coach-3,65,0,0,0,0,0,0,0,0,0,0
Sleeper,Coach-3,66,0,0,0,0,0,0,0,0,0,0
Sleeper,Coach-3,67,0,0,0,0,0,0,0,0,0,0
Sleeper,Coach-3,68,0,0,0,0,0,0,0,0,0,0
Sleeper,Coach-3,69,0,0,0,0,0,0,0,0,0,0
Sleeper,Coach-3,70,0,0,0,0,0,0,0,0,0,0
Sleeper,Coach-3,71,0,0,0,0,0,0,0,0,0,0
Sleeper,Coach-3,72,0,0,0,0,0,0,0,0,0,0
Sleeper,Coach-4,1,0,0,0,0,0,0,0,0,0,0
Sleeper,Coach-4,2,0,0,0,0,0,0,0,0,0,0
Sleeper,Coach-4,3,0,0,0,0,0,0,0,0,0,0
Sleeper,Coach-4,4,0,0,0,0,0,0,0,0,0,0
Sleeper,Coach-4,5,0,0,0,0,0,0,0,0,0,0
Sleeper,Coach-4,6,0,0,0,0,0,0,0,0,0,0
Sleeper,Coach-4,7,0,0,0,0,0,0,0,0,0,0
Sleeper,Coach-4,8,0,0,0,0,0,0,0,0,0,0
Sleeper,Coach-4,9,0,0,0,0,0,0,0,0,0,0
Sleeper,Coach-4,10,0,0,0,0,0,0,0,0,0,0
Sleeper,Coach-4,11,0,0,0,0,0,0,0,0,0,0
Sleeper,Coach-4,12,0,0,0,0,0,0,0,0,0,0
Sleeper,Coach-4,13,0,0,0,0,0,0,0,0,0,0
Sleeper,Coach-4,14,0,0,0,0,0,0,0,0,0,0
Sleeper,Coach-4,15,0,0,0,0,0,0,0,0,0,0
Sleeper,Coach-4,16,0,0,0,0,0,0,0,0,0,0
Sleeper,Coach-4,17,0,0,0,0,0,0,0,0,0,0
Sleeper,Coach-4,18,0,0,0,0,0,0,0,0,0,0
Sleeper,Coach-4,19,0,0,0,0,0,0,0,0,0,0
Sleeper,Coach-4,20,0,0,0,0,0,0,0,0,0,0
Sleeper,Coach-4,21,0,0,0,0,0,0,0,0,0,0
Sleeper,Coach-4,22,0,0,0,0,0,0,0,0,0,0
Sleeper,Coach-4,23,0,0,0,0,0,0,0,0,0,0
Sleeper,Coach-4,24,0,0,0,0,0,0,0,0,0,0
Sleeper,Coach-4,25,0,0,0,0,0,0,0,0,0,0
Sleeper,Coach-4,26,0,0,0,0,0,0,0,0,0,0
Sleeper,Coach-4,27,0,0,0,0,0,0,0,0,0,0
Sleeper,Coach-4,28,0,0,0,0,0,0,0,0,0,0
Sleeper,Coach-4,29,0,0,0,0,0,0,0,0,0,0
Sleeper,Coach-4,30,0,0,0,0,0,0,0,0,0,0
Sleeper,Coach-4,31,0,0,0,0,0,0,0,0,0,0
Sleeper,Coach-4,32,0,0,0,0,0,0,0,0,0,0
Sleeper,Coach-4,33,0,0,0,0,0,0,0,0,0,0
Sleeper,Coach-4,34,0,0,0,0,0,0,0,0,0,0
Sleeper,Coach-4,35,0,0,0,0,0,0,0,0,0,0
Sleeper,Coach-4,36,0,0,0,0,0,0,0,0,0,0
Sleeper,Coach-4,37,0,0,0,0,0,0,0,0,0,0
Sleeper,Coach-4,38,0,0,0,0,0,0,0,0,0,0
Sleeper,Coach-4,39,0,0,0,0,0,0,0,0,0,0
Sleeper,Coach-4,40,0,0,0,0,0,0,0,0,0,0
Sleeper,Coach-4,41,0,0,0,0,0,0,0,0,0,0
Sleeper,Coach-4,42,0,0,0,0,0,0,0,0,0,0
Sleeper,Coach-4,43,0,0,0,0,0,0,0,0,0,0
Sleeper,Coach-4,44,0,0,0,0,0,0,0,0,0,0
Sleeper,Coach-4,45,0,0,0,0,0,0,0,0,0,0
Sleeper,Coach-4,46,0,0,0,0,0,0,0,0,0,0
Sleeper,Coach-4,47,0,0,0,0,0,0,0,0,0,0
Sleeper,Coach-4,48,0,0,0,0,0,0,0,0,0,0
Sleeper,Coach-4,49,0,0,0,0,0,0,0,0,0,0
Sleeper,Coach-4,50,0,0,0,0,0,0,0,0,0,0
Sleeper,Coach-4,51,0,0,0,0,0,0,0,0,0,0
Sleeper,Coach-4,52,0,0,0,0,0,0,0,0,0,0
Sleeper,Coach-4,53,0,0,0,0,0,0,0,0,0,0
Sleeper,Coach-4,54,0,0,0,0,0,0,0,0,0,0
Sleeper,Coach-4,55,0,0,0,0,0,0,0,0,0,0
Sleeper,Coach-4,56,0,0,0,0,0,0,0,0,0,0
Sleeper,Coach-4,57,0,0,0,0,0,0,0,0,0,0
Sleeper,Coach-4,58,0,0,0,0,0,0,0,0,0,0
Sleeper,Coach-4,59,0,0,0,0,0,0,0,0,0,0
Sleeper,Coach-4,60,0,0,0,0,0,0,0,0,0,0
Sleeper,Coach-4,61,0,0,0,0,0,0,0,0,0,0
Sleeper,Coach-4,62,0,0,0,0,0,0,0,0,0,0
Sleeper,Coach-4,63,0,0,0,0,0,0,0,0,0,0
Sleeper,Coach-4,64,0,0,0,0,0,0,0,0,0,0
Sleeper,Coach-4,65,0,0,0,0,0,0,0,0,0,0
Sleeper,Coach-4,66,0,0,0,0,0,0,0,0,0,0
Sleeper,Coach-4,67,0,0,0,0,0,0,0,0,0,0
Sleeper,Coach-4,68,0,0,0,0,0,0,0,0,0,0
Sleeper,Coach-4,69,0,0,0,0,0,0,0,0,0,0
Sleeper,Coach-4,70,0,0,0,0,0,0,0,0,0,0
Sleeper,Coach-4,71,0,0,0,0,0,0,0,0,0,0
Sleeper,Coach-4,72,0,0,0,0,0,0,0,0,0,0
Sleeper,Coach-5,1,0,0,0,0,0,0,0,0,0,0
Sleeper,Coach-5,2,0,0,0,0,0,0,0,0,0,0
Sleeper,Coach-5,3,0,0,0,0,0,0,0,0,0,0
Sleeper,Coach-5,4,0,0,0,0,0,0,0,0,0,0
Sleeper,Coach-5,5,0,0,0,0,0,0,0,0,0,0
Sleeper,Coach-5,6,0,0,0,0,0,0,0,0,0,0
Sleeper,Coach-5,7,0,0,0,0,0,0,0,0,0,0
Sleeper,Coach-5,8,0,0,0,0,0,0,0,0,0,0
Sleeper,Coach-5,9,0,0,0,0,0,0,0,0,0,0
Sleeper,Coach-5,10,0,0,0,0,0,0,0,0,0,0
Sleeper,Coach-5,11,0,0,0,0,0,0,0,0,0,0
Sleeper,Coach-5,12,0,0,0,0,0,0,0,0,0,0
Sleeper,Coach-5,13,0,0,0,0,0,0,0,0,0,0
Sleeper,Coach-5,14,0,0,0,0,0,0,0,0,0,0
Sleeper,Coach-5,15,0,0,0,0,0,0,0,0,0,0
Sleeper,Coach-5,16,0,0,0,0,0,0,0,0,0,0
Sleeper,Coach-5,17,0,0,0,0,0,0,0,0,0,0
Sleeper,Coach-5,18,0,0,0,0,0,0,0,0,0,0
Sleeper,Coach-5,19,0,0,0,0,0,0,0,0,0,0
Sleeper,Coach-5,20,0,0,0,0,0,0,0,0,0,0
Sleeper,Coach-5,21,0,0,0,0,0,0,0,0,0,0
Sleeper,Coach-5,22,0,0,0,0,0,0,0,0,0,0
Sleeper,Coach-5,23,0,0,0,0,0,0,0,0,0,0
Sleeper,Coach-5,24,0,0,0,0,0,0,0,0,0,0
Sleeper,Coach-5,25,0,0,0,0,0,0,0,0,0,0
Sleeper,Coach-5,26,0,0,0,0,0,0,0,0,0,0
Sleeper,Coach-5,27,0,0,0,0,0,0,0,0,0,0
Sleeper,Coach-5,28,0,0,0,0,0,0,0,0,0,0
Sleeper,Coach-5,29,0,0,0,0,0,0,0,0,0,0
Sleeper,Coach-5,30,0,0,0,0,0,0,0,0,0,0
Sleeper,Coach-5,31,0,0,0,0,0,0,0,0,0,0
Sleeper,Coach-5,32,0,0,0,0,0,0,0,0,0,0
Sleeper,Coach-5,33,0,0,0,0,0,0,0,0,0,0
Sleeper,Coach-5,34,0,0,0,0,0,0,0,0,0,0
Sleeper,Coach-5,35,0,0,0,0,0,0,0,0,0,0
Sleeper,Coach-5,36,0,0,0,0,0,0,0,0,0,0
Sleeper,Coach-5,37,0,0,0,0,0,0,0,0,0,0
Sleeper,Coach-5,38,0,0,0,0,0,0,0,0,0,0
Sleeper,Coach-5,39,0,0,0,0,0,0,0,0,0,0
Sleeper,Coach-5,40,0,0,0,0,0,0,0,0,0,0
Sleeper,Coach-5,41,0,0,0,0,0,0,0,0,0,0
Sleeper,Coach-5,42,0,0,0,0,0,0,0,0,0,0
Sleeper,Coach-5,43,0,0,0,0,0,0,0,0,0,0
Sleeper,Coach-5,44,0,0,0,0,0,0,0,0,0,0
Sleeper,Coach-5,45,0,0,0,0,0,0,0,0,0,0
Sleeper,Coach-5,46,0,0,0,0,0,0,0,0,0,0
Sleeper,Coach-5,47,0,0,0,0,0,0,0,0,0,0
Sleeper,Coach-5,48,0,0,0,0,0,0,0,0,0,0
Sleeper,Coach-5,49,0,0,0,0,0,0,0,0,0,0
Sleeper,Coach-5,50,0,0,0,0,0,0,0,0,0,0
Sleeper,Coach-5,51,0,0,0,0,0,0,0,0,0,0
Sleeper,Coach-5,52,0,0,0,0,0,0,0,0,0,0
Sleeper,Coach-5,53,0,0,0,0,0,0,0,0,0,0
Sleeper,Coach-5,54,0,0,0,0,0,0,0,0,0,0
Sleeper,Coach-5,55,0,0,0,0,0,0,0,0,0,0
Sleeper,Coach-5,56,0,0,0,0,0,0,0,0,0,0
Sleeper,Coach-5,57,0,0,0,0,0,0,0,0,0,0
Sleeper,Coach-5,58,0,0,0,0,0,0,0,0,0,0
Sleeper,Coach-5,59,0,0,0,0,0,0,0,0,0,0
Sleeper,Coach-5,60,0,0,0,0,0,0,0,0,0,0
Sleeper,Coach-5,61,0,0,0,0,0,0,0,0,0,0
Sleeper,Coach-5,62,0,0,0,0,0,0,0,0,0,0
Sleeper,Coach-5,63,0,0,0,0,0,0,0,0,0,0
Sleeper,Coach-5,64,0,0,0,0,0,0,0,0,0,0
Sleeper,Coach-5,65,0,0,0,0,0,0,0,0,0,0
Sleeper,Coach-5,66,0,0,0,0,0,0,0,0,0,0
Sleeper,Coach-5,67,0,0,0,0,0,0,0,0,0,0
Sleeper,Coach-5,68,0,0,0,0,0,0,0,0,0,0
Sleeper,Coach-5,69,0,0,0,0,0,0,0,0,0,0
Sleeper,Coach-5,70,0,0,0,0,0,0,0,0,0,0
Sleeper,Coach-5,71,0,0,0,0,0,0,0,0,0,0
Sleeper,Coach-5,72,0,0,0,0,0,0,0,0,0,0
Sleeper,Coach-6,1,0,0,0,0,0,0,0,0,0,0
Sleeper,Coach-6,2,0,0,0,0,0,0,0,0,0,0
Sleeper,Coach-6,3,0,0,0,0,0,0,0,0,0,0
Sleeper,Coach-6,4,0,0,0,0,0,0,0,0,0,0
Sleeper,Coach-6,5,0,0,0,0,0,0,0,0,0,0
Sleeper,Coach-6,6,0,0,0,0,0,0,0,0,0,0
Sleeper,Coach-6,7,0,0,0,0,0,0,0,0,0,0
Sleeper,Coach-6,8,0,0,0,0,0,0,0,0,0,0
Sleeper,Coach-6,9,0,0,0,0,0,0,0,0,0,0
Sleeper,Coach-6,10,0,0,0,0,0,0,0,0,0,0
Sleeper,Coach-6,11,0,0,0,0,0,0,0,0,0,0
Sleeper,Coach-6,12,0,0,0,0,0,0,0,0,0,0
Sleeper,Coach-6,13,0,0,0,0,0,0,0,0,0,0
Sleeper,Coach-6,14,0,0,0,0,0,0,0,0,0,0
Sleeper,Coach-6,15,0,0,0,0,0,0,0,0,0,0
Sleeper,Coach-6,16,0,0,0,0,0,0,0,0,0,0
Sleeper,Coach-6,17,0,0,0,0,0,0,0,0,0,0
Sleeper,Coach-6,18,0,0,0,0,0,0,0,0,0,0
Sleeper,Coach-6,19,0,0,0,0,0,0,0,0,0,0
Sleeper,Coach-6,20,0,0,0,0,0,0,0,0,0,0
Sleeper,Coach-6,21,0,0,0,0,0,0,0,0,0,0
Sleeper,Coach-6,22,0,0,0,0,0,0,0,0,0,0
Sleeper,Coach-6,23,0,0,0,0,0,0,0,0,0,0
Sleeper,Coach-6,24,0,0,0,0,0,0,0,0,0,0
Sleeper,Coach-6,25,0,0,0,0,0,0,0,0,0,0
Sleeper,Coach-6,26,0,0,0,0,0,0,0,0,0,0
Sleeper,Coach-6,27,0,0,0,0,0,0,0,0,0,0
Sleeper,Coach-6,28,0,0,0,0,0,0,0,0,0,0
Sleeper,Coach-6,29,0,0,0,0,0,0,0,0,0,0
Sleeper,Coach-6,30,0,0,0,0,0,0,0,0,0,0
Sleeper,Coach-6,31,0,0,0,0,0,0,0,0,0,0
Sleeper,Coach-6,32,0,0,0,0,0,0,0,0,0,0
Sleeper,Coach-6,33,0,0,0,0,0,0,0,0,0,0
Sleeper,Coach-6,34,0,0,0,0,0,0,0,0,0,0
Sleeper,Coach-6,35,0,0,0,0,0,0,0,0,0,0
Sleeper,Coach-6,36,0,0,0,0,0,0,0,0,0,0
Sleeper,Coach-6,37,0,0,0,0,0,0,0,0,0,0
Sleeper,Coach-6,38,0,0,0,0,0,0,0,0,0,0
Sleeper,Coach-6,39,0,0,0,0,0,0,0,0,0,0
Sleeper,Coach-6,40,0,0,0,0,0,0,0,0,0,0
Sleeper,Coach-6,41,0,0,0,0,0,0,0,0,0,0
Sleeper,Coach-6,42,0,0,0,0,0,0,0,0,0,0
Sleeper,Coach-6,43,0,0,0,0,0,0,0,0,0,0
Sleeper,Coach-6,44,0,0,0,0,0,0,0,0,0,0
Sleeper,Coach-6,45,0,0,0,0,0,0,0,0,0,0
Sleeper,Coach-6,46,0,0,0,0,0,0,0,0,0,0
Sleeper,Coach-6,47,0,0,0,0,0,0,0,0,0,0
Sleeper,Coach-6,48,0,0,0,0,0,0,0,0,0,0
Sleeper,Coach-6,49,0,0,0,0,0,0,0,0,0,0
Sleeper,Coach-6,50,0,0,0,0,0,0,0,0,0,0
Sleeper,Coach-6,51,0,0,0,0,0,0,0,0,0,0
Sleeper,Coach-6,52,0,0,0,0,0,0,0,0,0,0
Sleeper,Coach-6,53,0,0,0,0,0,0,0,0,0,0
Sleeper,Coach-6,54,0,0,0,0,0,0,0,0,0,0
Sleeper,Coach-6,55,0,0,0,0,0,0,0,0,0,0
Sleeper,Coach-6,56,0,0,0,0,0,0,0,0,0,0
Sleeper,Coach-6,57,0,0,0,0,0,0,0,0,0,0
Sleeper,Coach-6,58,0,0,0,0,0,0,0,0,0,0
Sleeper,Coach-6,59,0,0,0,0,0,0,0,0,0,0
Sleeper,Coach-6,60,0,0,0,0,0,0,0,0,0,0
Sleeper,Coach-6,61,0,0,0,0,0,0,0,0,0,0
Sleeper,Coach-6,62,0,0,0,0,0,0,0,0,0,0
Sleeper,Coach-6,63,0,0,0,0,0,0,0,0,0,0
Sleeper,Coach-6,64,0,0,0,0,0,0,0,0,0,0
Sleeper,Coach-6,65,0,0,0,0,0,0,0,0,0,0
Sleeper,Coach-6,66,0,0,0,0,0,0,0,0,0,0
Sleeper,Coach-6,67,0,0,0,0,0,0,0,0,0,0
Sleeper,Coach-6,68,0,0,0,0,0,0,0,0,0,0
Sleeper,Coach-6,69,0,0,0,0,0,0,0,0,0,0
Sleeper,Coach-6,70,0,0,0,0,0,0,0,0,0,0
Sleeper,Coach-6,71,0,0,0,0,0,0,0,0,0,0
Sleeper,Coach-6,72,0,0,0,0,0,0,0,0,0,0
Sleeper,Coach-7,1,0,0,0,0,0,0,0,0,0,0
Sleeper,Coach-7,2,0,0,0,0,0,0,0,0,0,0
Sleeper,Coach-7,3,0,0,0,0,0,0,0,0,0,0
Sleeper,Coach-7,4,0,0,0,0,0,0,0,0,0,0
Sleeper,Coach-7,5,0,0,0,0,0,0,0,0,0,0
Sleeper,Coach-7,6,0,0,0,0,0,0,0,0,0,0
Sleeper,Coach-7,7,0,0,0,0,0,0,0,0,0,0
Sleeper,Coach-7,8,0,0,0,0,0,0,0,0,0,0
Sleeper,Coach-7,9,0,0,0,0,0,0,0,0,0,0
Sleeper,Coach-7,10,0,0,0,0,0,0,0,0,0,0
Sleeper,Coach-7,11,0,0,0,0,0,0,0,0,0,0
Sleeper,Coach-7,12,0,0,0,0,0,0,0,0,0,0
Sleeper,Coach-7,13,0,0,0,0,0,0,0,0,0,0
Sleeper,Coach-7,14,0,0,0,0,0,0,0,0,0,0
Sleeper,Coach-7,15,0,0,0,0,0,0,0,0,0,0
Sleeper,Coach-7,16,0,0,0,0,0,0,0,0,0,0
Sleeper,Coach-7,17,0,0,0,0,0,0,0,0,0,0
Sleeper,Coach-7,18,0,0,0,0,0,0,0,0,0,0
Sleeper,Coach-7,19,0,0,0,0,0,0,0,0,0,0
Sleeper,Coach-7,20,0,0,0,0,0,0,0,0,0,0
Sleeper,Coach-7,21,0,0,0,0,0,0,0,0,0,0
Sleeper,Coach-7,22,0,0,0,0,0,0,0,0,0,0
Sleeper,Coach-7,23,0,0,0,0,0,0,0,0,0,0
Sleeper,Coach-7,24,0,0,0,0,0,0,0,0,0,0
Sleeper,Coach-7,25,0,0,0,0,0,0,0,0,0,0
Sleeper,Coach-7,26,0,0,0,0,0,0,0,0,0,0
Sleeper,Coach-7,27,0,0,0,0,0,0,0,0,0,0
Sleeper,Coach-7,28,0,0,0,0,0,0,0,0,0,0
Sleeper,Coach-7,29,0,0,0,0,0,0,0,0,0,0
Sleeper,Coach-7,30,0,0,0,0,0,0,0,0,0,0
Sleeper,Coach-7,31,0,0,0,0,0,0,0,0,0,0
Sleeper,Coach-7,32,0,0,0,0,0,0,0,0,0,0
Sleeper,Coach-7,33,0,0,0,0,0,0,0,0,0,0
Sleeper,Coach-7,34,0,0,0,0,0,0,0,0,0,0
Sleeper,Coach-7,35,0,0,0,0,0,0,0,0,0,0
Sleeper,Coach-7,36,0,0,0,0,0,0,0,0,0,0
Sleeper,Coach-7,37,0,0,0,0,0,0,0,0,0,0
Sleeper,Coach-7,38,0,0,0,0,0,0,0,0,0,0
Sleeper,Coach-7,39,0,0,0,0,0,0,0,0,0,0
Sleeper,Coach-7,40,0,0,0,0,0,0,0,0,0,0
Sleeper,Coach-7,41,0,0,0,0,0,0,0,0,0,0
Sleeper,Coach-7,42,0,0,0,0,0,0,0,0,0,0
Sleeper,Coach-7,43,0,0,0,0,0,0,0,0,0,0
Sleeper,Coach-7,44,0,0,0,0,0,0,0,0,0,0
Sleeper,Coach-7,45,0,0,0,0,0,0,0,0,0,0
Sleeper,Coach-7,46,0,0,0,0,0,0,0,0,0,0
Sleeper,Coach-7,47,0,0,0,0,0,0,0,0,0,0
Sleeper,Coach-7,48,0,0,0,0,0,0,0,0,0,0
Sleeper,Coach-7,49,0,0,0,0,0,0,0,0,0,0
Sleeper,Coach-7,50,0,0,0,0,0,0,0,0,0,0
Sleeper,Coach-7,51,0,0,0,0,0,0,0,0,0,0
Sleeper,Coach-7,52,0,0,0,0,0,0,0,0,0,0
Sleeper,Coach-7,53,0,0,0,0,0,0,0,0,0,0
Sleeper,Coach-7,54,0,0,0,0,0,0,0,0,0,0
Sleeper,Coach-7,55,0,0,0,0,0,0,0,0,0,0
Sleeper,Coach-7,56,0,0,0,0,0,0,0,0,0,0
Sleeper,Coach-7,57,0,0,0,0,0,0,0,0,0,0
Sleeper,Coach-7,58,0,0,0,0,0,0,0,0,0,0
Sleeper,Coach-7,59,0,0,0,0,0,0,0,0,0,0
Sleeper,Coach-7,60,0,0,0,0,0,0,0,0,0,0
Sleeper,Coach-7,61,0,0,0,0,0,0,0,0,0,0
Sleeper,Coach-7,62,0,0,0,0,0,0,0,0,0,0
Sleeper,Coach-7,63,0,0,0,0,0,0,0,0,0,0
Sleeper,Coach-7,64,0,0,0,0,0,0,0,0,0,0
Sleeper,Coach-7,65,0,0,0,0,0,0,0,0,0,0
Sleeper,Coach-7,66,0,0,0,0,0,0,0,0,0,0
Sleeper,Coach-7,67,0,0,0,0,0,0,0,0,0,0
Sleeper,Coach-7,68,0,0,0,0,0,0,0,0,0,0
Sleeper,Coach-7,69,0,0,0,0,0,0,0,0,0,0
Sleeper,Coach-7,70,0,0,0,0,0,0,0,0,0,0
Sleeper,Coach-7,71,0,0,0,0,0,0,0,0,0,0
Sleeper,Coach-7,72,0,0,0,0,0,0,0,0,0,0
Sleeper,Coach-8,1,0,0,0,0,0,0,0,0,0,0
Sleeper,Coach-8,2,0,0,0,0,0,0,0,0,0,0
Sleeper,Coach-8,3,0,0,0,0,0,0,0,0,0,0
Sleeper,Coach-8,4,0,0,0,0,0,0,0,0,0,0
Sleeper,Coach-8,5,0,0,0,0,0,0,0,0,0,0
Sleeper,Coach-8,6,0,0,0,0,0,0,0,0,0,0
Sleeper,Coach-8,7,0,0,0,0,0,0,0,0,0,0
Sleeper,Coach-8,8,0,0,0,0,0,0,0,0,0,0
Sleeper,Coach-8,9,0,0,0,0,0,0,0,0,0,0
Sleeper,Coach-8,10,0,0,0,0,0,0,0,0,0,0
Sleeper,Coach-8,11,0,0,0,0,0,0,0,0,0,0
Sleeper,Coach-8,12,0,0,0,0,0,0,0,0,0,0
Sleeper,Coach-8,13,0,0,0,0,0,0,0,0,0,0
Sleeper,Coach-8,14,0,0,0,0,0,0,0,0,0,0
Sleeper,Coach-8,15,0,0,0,0,0,0,0,0,0,0
Sleeper,Coach-8,16,0,0,0,0,0,0,0,0,0,0
Sleeper,Coach-8,17,0,0,0,0,0,0,0,0,0,0
Sleeper,Coach-8,18,0,0,0,0,0,0,0,0,0,0
Sleeper,Coach-8,19,0,0,0,0,0,0,0,0,0,0
Sleeper,Coach-8,20,0,0,0,0,0,0,0,0,0,0
Sleeper,Coach-8,21,0,0,0,0,0,0,0,0,0,0
Sleeper,Coach-8,22,0,0,0,0,0,0,0,0,0,0
Sleeper,Coach-8,23,0,0,0,0,0,0,0,0,0,0
Sleeper,Coach-8,24,0,0,0,0,0,0,0,0,0,0
Sleeper,Coach-8,25,0,0,0,0,0,0,0,0,0,0
Sleeper,Coach-8,26,0,0,0,0,0,0,0,0,0,0
Sleeper,Coach-8,27,0,0,0,0,0,0,0,0,0,0
Sleeper,Coach-8,28,0,0,0,0,0,0,0,0,0,0
Sleeper,Coach-8,29,0,0,0,0,0,0,0,0,0,0
Sleeper,Coach-8,30,0,0,0,0,0,0,0,0,0,0
Sleeper,Coach-8,31,0,0,0,0,0,0,0,0,0,0
Sleeper,Coach-8,32,0,0,0,0,0,0,0,0,0,0
Sleeper,Coach-8,33,0,0,0,0,0,0,0,0,0,0
Sleeper,Coach-8,34,0,0,0,0,0,0,0,0,0,0
Sleeper,Coach-8,35,0,0,0,0,0,0,0,0,0,0
Sleeper,Coach-8,36,0,0,0,0,0,0,0,0,0,0
Sleeper,Coach-8,37,0,0,0,0,0,0,0,0,0,0
Sleeper,Coach-8,38,0,0,0,0,0,0,0,0,0,0
Sleeper,Coach-8,39,0,0,0,0,0,0,0,0,0,0
Sleeper,Coach-8,40,0,0,0,0,0,0,0,0,0,0
Sleeper,Coach-8,41,0,0,0,0,0,0,0,0,0,0
Sleeper,Coach-8,42,0,0,0,0,0,0,0,0,0,0
Sleeper,Coach-8,43,0,0,0,0,0,0,0,0,0,0
Sleeper,Coach-8,44,0,0,0,0,0,0,0,0,0,0
Sleeper,Coach-8,45,0,0,0,0,0,0,0,0,0,0
Sleeper,Coach-8,46,0,0,0,0,0,0,0,0,0,0
Sleeper,Coach-8,47,0,0,0,0,0,0,0,0,0,0
Sleeper,Coach-8,48,0,0,0,0,0,0,0,0,0,0
Sleeper,Coach-8,49,0,0,0,0,0,0,0,0,0,0
Sleeper,Coach-8,50,0,0,0,0,0,0,0,0,0,0
Sleeper,Coach-8,51,0,0,0,0,0,0,0,0,0,0
Sleeper,Coach-8,52,0,0,0,0,0,0,0,0,0,0
Sleeper,Coach-8,53,0,0,0,0,0,0,0,0,0,0
Sleeper,Coach-8,54,0,0,0,0,0,0,0,0,0,0
Sleeper,Coach-8,55,0,0,0,0,0,0,0,0,0,0
Sleeper,Coach-8,56,0,0,0,0,0,0,0,0,0,0
Sleeper,Coach-8,57,0,0,0,0,0,0,0,0,0,0
Sleeper,Coach-8,58,0,0,0,0,0,0,0,0,0,0
Sleeper,Coach-8,59,0,0,0,0,0,0,0,0,0,0
Sleeper,Coach-8,60,0,0,0,0,0,0,0,0,0,0
Sleeper,Coach-8,61,0,0,0,0,0,0,0,0,0,0
Sleeper,Coach-8,62,0,0,0,0,0,0,0,0,0,0
Sleeper,Coach-8,63,0,0,0,0,0,0,0,0,0,0
Sleeper,Coach-8,64,0,0,0,0,0,0,0,0,0,0
Sleeper,Coach-8,65,0,0,0,0,0,0,0,0,0,0
Sleeper,Coach-8,66,0,0,0,0,0,0,0,0,0,0
Sleeper,Coach-8,67,0,0,0,0,0,0,0,0,0,0
Sleeper,Coach-8,68,0,0,0,0,0,0,0,0,0,0
Sleeper,Coach-8,69,0,0,0,0,0,0,0,0,0,0
Sleeper,Coach-8,70,0,0,0,0,0,0,0,0,0,0
Sleeper,Coach-8,71,0,0,0,0,0,0,0,0,0,0
Sleeper,Coach-8,72,0,0,0,0,0,0,0,0,0,0
Sleeper,Coach-9,1,0,0,0,0,0,0,0,0,0,0
Sleeper,Coach-9,2,0,0,0,0,0,0,0,0,0,0
Sleeper,Coach-9,3,0,0,0,0,0,0,0,0,0,0
Sleeper,Coach-9,4,0,0,0,0,0,0,0,0,0,0
Sleeper,Coach-9,5,0,0,0,0,0,0,0,0,0,0
Sleeper,Coach-9,6,0,0,0,0,0,0,0,0,0,0
Sleeper,Coach-9,7,0,0,0,0,0,0,0,0,0,0
Sleeper,Coach-9,8,0,0,0,0,0,0,0,0,0,0
Sleeper,Coach-9,9,0,0,0,0,0,0,0,0,0,0
Sleeper,Coach-9,10,0,0,0,0,0,0,0,0,0,0
Sleeper,Coach-9,11,0,0,0,0,0,0,0,0,0,0
Sleeper,Coach-9,12,0,0,0,0,0,0,0,0,0,0
Sleeper,Coach-9,13,0,0,0,0,0,0,0,0,0,0
Sleeper,Coach-9,14,0,0,0,0,0,0,0,0,0,0
Sleeper,Coach-9,15,0,0,0,0,0,0,0,0,0,0
Sleeper,Coach-9,16,0,0,0,0,0,0,0,0,0,0
Sleeper,Coach-9,17,0,0,0,0,0,0,0,0,0,0
Sleeper,Coach-9,18,0,0,0,0,0,0,0,0,0,0
Sleeper,Coach-9,19,0,0,0,0,0,0,0,0,0,0
Sleeper,Coach-9,20,0,0,0,0,0,0,0,0,0,0
Sleeper,Coach-9,21,0,0,0,0,0,0,0,0,0,0
Sleeper,Coach-9,22,0,0,0,0,0,0,0,0,0,0
Sleeper,Coach-9,23,0,0,0,0,0,0,0,0,0,0
Sleeper,Coach-9,24,0,0,0,0,0,0,0,0,0,0
Sleeper,Coach-9,25,0,0,0,0,0,0,0,0,0,0
Sleeper,Coach-9,26,0,0,0,0,0,0,0,0,0,0
Sleeper,Coach-9,27,0,0,0,0,0,0,0,0,0,0
Sleeper,Coach-9,28,0,0,0,0,0,0,0,0,0,0
Sleeper,Coach-9,29,0,0,0,0,0,0,0,0,0,0
Sleeper,Coach-9,30,0,0,0,0,0,0,0,0,0,0
Sleeper,Coach-9,31,0,0,0,0,0,0,0,0,0,0
Sleeper,Coach-9,32,0,0,0,0,0,0,0,0,0,0
Sleeper,Coach-9,33,0,0,0,0,0,0,0,0,0,0
Sleeper,Coach-9,34,0,0,0,0,0,0,0,0,0,0
Sleeper,Coach-9,35,0,0,0,0,0,0,0,0,0,0
Sleeper,Coach-9,36,0,0,0,0,0,0,0,0,0,0
Sleeper,Coach-9,37,0,0,0,0,0,0,0,0,0,0
Sleeper,Coach-9,38,0,0,0,0,0,0,0,0,0,0
Sleeper,Coach-9,39,0,0,0,0,0,0,0,0,0,0
Sleeper,Coach-9,40,0,0,0,0,0,0,0,0,0,0
Sleeper,Coach-9,41,0,0,0,0,0,0,0,0,0,0
Sleeper,Coach-9,42,0,0,0,0,0,0,0,0,0,0
Sleeper,Coach-9,43,0,0,0,0,0,0,0,0,0,0
Sleeper,Coach-9,44,0,0,0,0,0,0,0,0,0,0
Sleeper,Coach-9,45,0,0,0,0,0,0,0,0,0,0
Sleeper,Coach-9,46,0,0,0,0,0,0,0,0,0,0
Sleeper,Coach-9,47,0,0,0,0,0,0,0,0,0,0
Sleeper,Coach-9,48,0,0,0,0,0,0,0,0,0,0
Sleeper,Coach-9,49,0,0,0,0,0,0,0,0,0,0
Sleeper,Coach-9,50,0,0,0,0,0,0,0,0,0,0
Sleeper,Coach-9,51,0,0,0,0,0,0,0,0,0,0
Sleeper,Coach-9,52,0,0,0,0,0,0,0,0,0,0
Sleeper,Coach-9,53,0,0,0,0,0,0,0,0,0,0
Sleeper,Coach-9,54,0,0,0,0,0,0,0,0,0,0
Sleeper,Coach-9,55,0,0,0,0,0,0,0,0,0,0
Sleeper,Coach-9,56,0,0,0,0,0,0,0,0,0,0
Sleeper,Coach-9,57,0,0,0,0,0,0,0,0,0,0
Sleeper,Coach-9,58,0,0,0,0,0,0,0,0,0,0
Sleeper,Coach-9,59,0,0,0,0,0,0,0,0,0,0
Sleeper,Coach-9,60,0,0,0,0,0,0,0,0,0,0
Sleeper,Coach-9,61,0,0,0,0,0,0,0,0,0,0
Sleeper,Coach-9,62,0,0,0,0,0,0,0,0,0,0
Sleeper,Coach-9,63,0,0,0,0,0,0,0,0,0,0
Sleeper,Coach-9,64,0,0,0,0,0,0,0,0,0,0
Sleeper,Coach-9,65,0,0,0,0,0,0,0,0,0,0
Sleeper,Coach-9,66,0,0,0,0,0,0,0,0,0,0
Sleeper,Coach-9,67,0,0,0,0,0,0,0,0,0,0
Sleeper,Coach-9,68,0,0,0,0,0,0,0,0,0,0
Sleeper,Coach-9,69,0,0,0,0,0,0,0,0,0,0
Sleeper,Coach-9,70,0,0,0,0,0,0,0,0,0,0
Sleeper,Coach-9,71,0,0,0,0,0,0,0,0,0,0
Sleeper,Coach-9,72,0,0,0,0,0,0,0,0,0,0
Sleeper,Coach-10,1,0,0,0,0,0,0,0,0,0,0
Sleeper,Coach-10,2,0,0,0,0,0,0,0,0,0,0
Sleeper,Coach-10,3,0,0,0,0,0,0,0,0,0,0
Sleeper,Coach-10,4,0,0,0,0,0,0,0,0,0,0
Sleeper,Coach-10,5,0,0,0,0,0,0,0,0,0,0
Sleeper,Coach-10,6,0,0,0,0,0,0,0,0,0,0
Sleeper,Coach-10,7,0,0,0,0,0,0,0,0,0,0
Sleeper,Coach-10,8,0,0,0,0,0,0,0,0,0,0
Sleeper,Coach-10,9,0,0,0,0,0,0,0,0,0,0
Sleeper,Coach-10,10,0,0,0,0,0,0,0,0,0,0
Sleeper,Coach-10,11,0,0,0,0,0,0,0,0,0,0
Sleeper,Coach-10,12,0,0,0,0,0,0,0,0,0,0
Sleeper,Coach-10,13,0,0,0,0,0,0,0,0,0,0
Sleeper,Coach-10,14,0,0,0,0,0,0,0,0,0,0
Sleeper,Coach-10,15,0,0,0,0,0,0,0,0,0,0
Sleeper,Coach-10,16,0,0,0,0,0,0,0,0,0,0
Sleeper,Coach-10,17,0,0,0,0,0,0,0,0,0,0
Sleeper,Coach-10,18,0,0,0,0,0,0,0,0,0,0
Sleeper,Coach-10,19,0,0,0,0,0,0,0,0,0,0
Sleeper,Coach-10,20,0,0,0,0,0,0,0,0,0,0
Sleeper,Coach-10,21,0,0,0,0,0,0,0,0,0,0
Sleeper,Coach-10,22,0,0,0,0,0,0,0,0,0,0
Sleeper,Coach-10,23,0,0,0,0,0,0,0,0,0,0
Sleeper,Coach-10,24,0,0,0,0,0,0,0,0,0,0
Sleeper,Coach-10,25,0,0,0,0,0,0,0,0,0,0
Sleeper,Coach-10,26,0,0,0,0,0,0,0,0,0,0
Sleeper,Coach-10,27,0,0,0,0,0,0,0,0,0,0
Sleeper,Coach-10,28,0,0,0,0,0,0,0,0,0,0
Sleeper,Coach-10,29,0,0,0,0,0,0,0,0,0,0
Sleeper,Coach-10,30,0,0,0,0,0,0,0,0,0,0
Sleeper,Coach-10,31,0,0,0,0,0,0,0,0,0,0
Sleeper,Coach-10,32,0,0,0,0,0,0,0,0,0,0
Sleeper,Coach-10,33,0,0,0,0,0,0,0,0,0,0
Sleeper,Coach-10,34,0,0,0,0,0,0,0,0,0,0
Sleeper,Coach-10,35,0,0,0,0,0,0,0,0,0,0
Sleeper,Coach-10,36,0,0,0,0,0,0,0,0,0,0
Sleeper,Coach-10,37,0,0,0,0,0,0,0,0,0,0
Sleeper,Coach-10,38,0,0,0,0,0,0,0,0,0,0
Sleeper,Coach-10,39,0,0,0,0,0,0,0,0,0,0
Sleeper,Coach-10,40,0,0,0,0,0,0,0,0,0,0
Sleeper,Coach-10,41,0,0,0,0,0,0,0,0,0,0
Sleeper,Coach-10,42,0,0,0,0,0,0,0,0,0,0
Sleeper,Coach-10,43,0,0,0,0,0,0,0,0,0,0
Sleeper,Coach-10,44,0,0,0,0,0,0,0,0,0,0
Sleeper,Coach-10,45,0,0,0,0,0,0,0,0,0,0
Sleeper,Coach-10,46,0,0,0,0,0,0,0,0,0,0
Sleeper,Coach-10,47,0,0,0,0,0,0,0,0,0,0
Sleeper,Coach-10,48,0,0,0,0,0,0,0,0,0,0
Sleeper,Coach-10,49,0,0,0,0,0,0,0,0,0,0
Sleeper,Coach-10,50,0,0,0,0,0,0,0,0,0,0
Sleeper,Coach-10,51,0,0,0,0,0,0,0,0,0,0
Sleeper,Coach-10,52,0,0,0,0,0,0,0,0,0,0
Sleeper,Coach-10,53,0,0,0,0,0,0,0,0,0,0
Sleeper,Coach-10,54,0,0,0,0,0,0,0,0,0,0
Sleeper,Coach-10,55,0,0,0,0,0,0,0,0,0,0
Sleeper,Coach-10,56,0,0,0,0,0,0,0,0,0,0
Sleeper,Coach-10,57,0,0,0,0,0,0,0,0,0,0
Sleeper,Coach-10,58,0,0,0,0,0,0,0,0,0,0
Sleeper,Coach-10,59,0,0,0,0,0,0,0,0,0,0
Sleeper,Coach-10,60,0,0,0,0,0,0,0,0,0,0
Sleeper,Coach-10,61,0,0,0,0,0,0,0,0,0,0
Sleeper,Coach-10,62,0,0,0,0,0,0,0,0,0,0
Sleeper,Coach-10,63,0,0,0,0,0,0,0,0,0,0
Sleeper,Coach-10,64,0,0,0,0,0,0,0,0,0,0
Sleeper,Coach-10,65,0,0,0,0,0,0,0,0,0,0
Sleeper,Coach-10,66,0,0,0,0,0,0,0,0,0,0
Sleeper,Coach-10,67,0,0,0,0,0,0,0,0,0,0
Sleeper,Coach-10,68,0,0,0,0,0,0,0,0,0,0
Sleeper,Coach-10,69,0,0,0,0,0,0,0,0,0,0
Sleeper,Coach-10,70,0,0,0,0,0,0,0,0,0,0
Sleeper,Coach-10,71,0,0,0,0,0,0,0,0,0,0
Sleeper,Coach-10,72,0,0,0,0,0,0,0,0,0,0
Sleeper,Coach-11,1,0,0,0,0,0,0,0,0,0,0
Sleeper,Coach-11,2,0,0,0,0,0,0,0,0,0,0
Sleeper,Coach-11,3,0,0,0,0,0,0,0,0,0,0
Sleeper,Coach-11,4,0,0,0,0,0,0,0,0,0,0
Sleeper,Coach-11,5,0,0,0,0,0,0,0,0,0,0
Sleeper,Coach-11,6,0,0,0,0,0,0,0,0,0,0
Sleeper,Coach-11,7,0,0,0,0,0,0,0,0,0,0
Sleeper,Coach-11,8,0,0,0,0,0,0,0,0,0,0
Sleeper,Coach-11,9,0,0,0,0,0,0,0,0,0,0
Sleeper,Coach-11,10,0,0,0,0,0,0,0,0,0,0
Sleeper,Coach-11,11,0,0,0,0,0,0,0,0,0,0
Sleeper,Coach-11,12,0,0,0,0,0,0,0,0,0,0
Sleeper,Coach-11,13,0,0,0,0,0,0,0,0,0,0
Sleeper,Coach-11,14,0,0,0,0,0,0,0,0,0,0
Sleeper,Coach-11,15,0,0,0,0,0,0,0,0,0,0
Sleeper,Coach-11,16,0,0,0,0,0,0,0,0,0,0
Sleeper,Coach-11,17,0,0,0,0,0,0,0,0,0,0
Sleeper,Coach-11,18,0,0,0,0,0,0,0,0,0,0
Sleeper,Coach-11,19,0,0,0,0,0,0,0,0,0,0
Sleeper,Coach-11,20,0,0,0,0,0,0,0,0,0,0
Sleeper,Coach-11,21,0,0,0,0,0,0,0,0,0,0
Sleeper,Coach-11,22,0,0,0,0,0,0,0,0,0,0
Sleeper,Coach-11,23,0,0,0,0,0,0,0,0,0,0
Sleeper,Coach-11,24,0,0,0,0,0,0,0,0,0,0
Sleeper,Coach-11,25,0,0,0,0,0,0,0,0,0,0
Sleeper,Coach-11,26,0,0,0,0,0,0,0,0,0,0
Sleeper,Coach-11,27,0,0,0,0,0,0,0,0,0,0
Sleeper,Coach-11,28,0,0,0,0,0,0,0,0,0,0
Sleeper,Coach-11,29,0,0,0,0,0,0,0,0,0,0
Sleeper,Coach-11,30,0,0,0,0,0,0,0,0,0,0
Sleeper,Coach-11,31,0,0,0,0,0,0,0,0,0,0
Sleeper,Coach-11,32,0,0,0,0,0,0,0,0,0,0
Sleeper,Coach-11,33,0,0,0,0,0,0,0,0,0,0
Sleeper,Coach-11,34,0,0,0,0,0,0,0,0,0,0
Sleeper,Coach-11,35,0,0,0,0,0,0,0,0,0,0
Sleeper,Coach-11,36,0,0,0,0,0,0,0,0,0,0
Sleeper,Coach-11,37,0,0,0,0,0,0,0,0,0,0
Sleeper,Coach-11,38,0,0,0,0,0,0,0,0,0,0
Sleeper,Coach-11,39,0,0,0,0,0,0,0,0,0,0
Sleeper,Coach-11,40,0,0,0,0,0,0,0,0,0,0
Sleeper,Coach-11,41,0,0,0,0,0,0,0,0,0,0
Sleeper,Coach-11,42,0,0,0,0,0,0,0,0,0,0
Sleeper,Coach-11,43,0,0,0,0,0,0,0,0,0,0
Sleeper,Coach-11,44,0,0,0,0,0,0,0,0,0,0
Sleeper,Coach-11,45,0,0,0,0,0,0,0,0,0,0
Sleeper,Coach-11,46,0,0,0,0,0,0,0,0,0,0
Sleeper,Coach-11,47,0,0,0,0,0,0,0,0,0,0
Sleeper,Coach-11,48,0,0,0,0,0,0,0,0,0,0
Sleeper,Coach-11,49,0,0,0,0,0,0,0,0,0,0
Sleeper,Coach-11,50,0,0,0,0,0,0,0,0,0,0
Sleeper,Coach-11,51,0,0,0,0,0,0,0,0,0,0
Sleeper,Coach-11,52,0,0,0,0,0,0,0,0,0,0
Sleeper,Coach-11,53,0,0,0,0,0,0,0,0,0,0
Sleeper,Coach-11,54,0,0,0,0,0,0,0,0,0,0
Sleeper,Coach-11,55,0,0,0,0,0,0,0,0,0,0
Sleeper,Coach-11,56,0,0,0,0,0,0,0,0,0,0
Sleeper,Coach-11,57,0,0,0,0,0,0,0,0,0,0
Sleeper,Coach-11,58,0,0,0,0,0,0,0,0,0,0
Sleeper,Coach-11,59,0,0,0,0,0,0,0,0,0,0
Sleeper,Coach-11,60,0,0,0,0,0,0,0,0,0,0
Sleeper,Coach-11,61,0,0,0,0,0,0,0,0,0,0
Sleeper,Coach-11,62,0,0,0,0,0,0,0,0,0,0
Sleeper,Coach-11,63,0,0,0,0,0,0,0,0,0,0
Sleeper,Coach-11,64,0,0,0,0,0,0,0,0,0,0
Sleeper,Coach-11,65,0,0,0,0,0,0,0,0,0,0
Sleeper,Coach-11,66,0,0,0,0,0,0,0,0,0,0
Sleeper,Coach-11,67,0,0,0,0,0,0,0,0,0,0
Sleeper,Coach-11,68,0,0,0,0,0,0,0,0,0,0
Sleeper,Coach-11,69,0,0,0,0,0,0,0,0,0,0
Sleeper,Coach-11,70,0,0,0,0,0,0,0,0,0,0
Sleeper,Coach-11,71,0,0,0,0,0,0,0,0,0,0
Sleeper,Coach-11,72,0,0,0,0,0,0,0,0,0,0
Sleeper,Coach-12,1,0,0,0,0,0,0,0,0,0,0
Sleeper,Coach-12,2,0,0,0,0,0,0,0,0,0,0
Sleeper,Coach-12,3,0,0,0,0,0,0,0,0,0,0
Sleeper,Coach-12,4,0,0,0,0,0,0,0,0,0,0
Sleeper,Coach-12,5,0,0,0,0,0,0,0,0,0,0
Sleeper,Coach-12,6,0,0,0,0,0,0,0,0,0,0
Sleeper,Coach-12,7,0,0,0,0,0,0,0,0,0,0
Sleeper,Coach-12,8,0,0,0,0,0,0,0,0,0,0
Sleeper,Coach-12,9,0,0,0,0,0,0,0,0,0,0
Sleeper,Coach-12,10,0,0,0,0,0,0,0,0,0,0
Sleeper,Coach-12,11,0,0,0,0,0,0,0,0,0,0
Sleeper,Coach-12,12,0,0,0,0,0,0,0,0,0,0
Sleeper,Coach-12,13,0,0,0,0,0,0,0,0,0,0
Sleeper,Coach-12,14,0,0,0,0,0,0,0,0,0,0
Sleeper,Coach-12,15,0,0,0,0,0,0,0,0,0,0
Sleeper,Coach-12,16,0,0,0,0,0,0,0,0,0,0
Sleeper,Coach-12,17,0,0,0,0,0,0,0,0,0,0
Sleeper,Coach-12,18,0,0,0,0,0,0,0,0,0,0
Sleeper,Coach-12,19,0,0,0,0,0,0,0,0,0,0
Sleeper,Coach-12,20,0,0,0,0,0,0,0,0,0,0
Sleeper,Coach-12,21,0,0,0,0,0,0,0,0,0,0
Sleeper,Coach-12,22,0,0,0,0,0,0,0,0,0,0
Sleeper,Coach-12,23,0,0,0,0,0,0,0,0,0,0
Sleeper,Coach-12,24,0,0,0,0,0,0,0,0,0,0
Sleeper,Coach-12,25,0,0,0,0,0,0,0,0,0,0
Sleeper,Coach-12,26,0,0,0,0,0,0,0,0,0,0
Sleeper,Coach-12,27,0,0,0,0,0,0,0,0,0,0
Sleeper,Coach-12,28,0,0,0,0,0,0,0,0,0,0
Sleeper,Coach-12,29,0,0,0,0,0,0,0,0,0,0
Sleeper,Coach-12,30,0,0,0,0,0,0,0,0,0,0
Sleeper,Coach-12,31,0,0,0,0,0,0,0,0,0,0
Sleeper,Coach-12,32,0,0,0,0,0,0,0,0,0,0
Sleeper,Coach-12,33,0,0,0,0,0,0,0,0,0,0
Sleeper,Coach-12,34,0,0,0,0,0,0,0,0,0,0
Sleeper,Coach-12,35,0,0,0,0,0,0,0,0,0,0
Sleeper,Coach-12,36,0,0,0,0,0,0,0,0,0,0
Sleeper,Coach-12,37,0,0,0,0,0,0,0,0,0,0
Sleeper,Coach-12,38,0,0,0,0,0,0,0,0,0,0
Sleeper,Coach-12,39,0,0,0,0,0,0,0,0,0,0
Sleeper,Coach-12,40,0,0,0,0,0,0,0,0,0,0
Sleeper,Coach-12,41,0,0,0,0,0,0,0,0,0,0
Sleeper,Coach-12,42,0,0,0,0,0,0,0,0,0,0
Sleeper,Coach-12,43,0,0,0,0,0,0,0,0,0,0
Sleeper,Coach-12,44,0,0,0,0,0,0,0,0,0,0
Sleeper,Coach-12,45,0,0,0,0,0,0,0,0,0,0
Sleeper,Coach-12,46,0,0,0,0,0,0,0,0,0,0
Sleeper,Coach-12,47,0,0,0,0,0,0,0,0,0,0
Sleeper,Coach-12,48,0,0,0,0,0,0,0,0,0,0
Sleeper,Coach-12,49,0,0,0,0,0,0,0,0,0,0
Sleeper,Coach-12,50,0,0,0,0,0,0,0,0,0,0
Sleeper,Coach-12,51,0,0,0,0,0,0,0,0,0,0
Sleeper,Coach-12,52,0,0,0,0,0,0,0,0,0,0
Sleeper,Coach-12,53,0,0,0,0,0,0,0,0,0,0
Sleeper,Coach-12,54,0,0,0,0,0,0,0,0,0,0
Sleeper,Coach-12,55,0,0,0,0,0,0,0,0,0,0
Sleeper,Coach-12,56,0,0,0,0,0,0,0,0,0,0
Sleeper,Coach-12,57,0,0,0,0,0,0,0,0,0,0
Sleeper,Coach-12,58,0,0,0,0,0,0,0,0,0,0
Sleeper,Coach-12,59,0,0,0,0,0,0,0,0,0,0
Sleeper,Coach-12,60,0,0,0,0,0,0,0,0,0,0
Sleeper,Coach-12,61,0,0,0,0,0,0,0,0,0,0
Sleeper,Coach-12,62,0,0,0,0,0,0,0,0,0,0
Sleeper,Coach-12,63,0,0,0,0,0,0,0,0,0,0
Sleeper,Coach-12,64,0,0,0,0,0,0,0,0,0,0
Sleeper,Coach-12,65,0,0,0,0,0,0,0,0,0,0
Sleeper,Coach-12,66,0,0,0,0,0,0,0,0,0,0
Sleeper,Coach-12,67,0,0,0,0,0,0,0,0,0,0
Sleeper,Coach-12,68,0,0,0,0,0,0,0,0,0,0
Sleeper,Coach-12,69,0,0,0,0,0,0,0,0,0,0
Sleeper,Coach-12,70,0,0,0,0,0,0,0,0,0,0
Sleeper,Coach-12,71,0,0,0,0,0,0,0,0,0,0
Sleeper,Coach-12,72,0,0,0,0,0,0,0,0,0,0
